wikidata_id,title,description,bucket,enwiki_title,country,relevance_start,relevance_end,pageviews_365d,points
Q11510,$#*! My Dad Says,American television sitcom | bucket: tv_series,tv_series,$h*! My Dad Says,United States,2010-09-23,2011-02-17,0,4
Q618755,1 Litre no Namida,2005 Japanese television drama | bucket: tv_series,tv_series,1 Litre no Namida (TV series),Japan,2005-01-01,2005-12-20,0,4
Q163904,10.5,2004 television miniseries directed by John Lafia | bucket: tv_series,tv_series,10.5 (miniseries),United States,2004-05-02,2004-05-03,0,4
Q163903,10.5: Apocalypse,2006 television miniseries directed by John Lafia | bucket: tv_series,tv_series,10.5: Apocalypse,United States,2006-01-01,2006-05-23,0,4
Q114497,11 Uhr 20,1970 film directed by Wolfgang Becker | bucket: tv_series,tv_series,11 Uhr 20,Germany,1970-01-08,1970-01-11,0,4
Q717605,14-sai no Haha,2006 Japanese television series | bucket: tv_series,tv_series,Mother at Fourteen,Japan,2006-10-11,2006-12-20,0,4
Q56194,24,"American television series (2001–2010, 2014) | bucket: tv_series",tv_series,24 (TV series),United States,2001-11-06,2010-05-24,0,4
Q185694,3 Molinos Resort,"professional cycling team based in Spain, founded and disbanded 2006 | bucket: sports_team",sports_team,3 Molinos Resort,Spain,2006-01-01,,0,4
Q229817,3×3 Eyes,manga | bucket: film,film,3×3 Eyes,Japan,,,0,4
Q712711,801 T.T.S. Airbats,manga | bucket: film,film,801 T.T.S. Airbats,Japan,,,0,4
Q367189,A Casa das Sete Mulheres,Brazilian television series | bucket: tv_series,tv_series,A Casa das Sete Mulheres,Brazil,2003-01-07,2003-04-08,0,4
Q279384,A Tout le Monde,1995 single by Megadeth | bucket: musical_work,musical_work,A Tout le Monde,United States,1994-01-01,1995-02-01,0,4
Q289871,A.D. Police Files,three-part original video animation | bucket: film,film,AD Police Files,Japan,1990-01-01,1990-01-01,0,4
Q76933713,Aaravos,fictional character from the animated television series The Dragon Prince | bucket: fictional_character,fictional_character,Aaravos,,2018-01-01,,0,4
Q4662746,Aasterinian,bucket: fictional_character,fictional_character,Aasterinian,,,,0,4
Q317219,Abdul Ghani Baradar,co-founder and political leader of the Afghan Taliban | bucket: human,human,Abdul Ghani Baradar,Afghanistan; Democratic Republic of Afghanistan; Kingdom of Afghanistan; Republic of Afghanistan; Islamic State of Afghanistan,1963-09-29,,0,4
Q317373,Abdul Rahim Wardak,Afghan general and politician | bucket: human,human,Abdul Rahim Wardak,Afghanistan,1940-01-01,,0,4
Q323448,Abraham Abulafia,Spanish Kabbalah teacher (1240-1291) | bucket: human,human,Abraham Abulafia,Kingdom of Aragon,1240-01-01,1292-01-01,0,4
Q4673352,"Achaea, Dreams of Divine Lands",1997 video game | bucket: video_game,video_game,"Achaea, Dreams of Divine Lands",United States,1997-01-01,1997-01-01,0,4
Q342220,Acqua & Sapone,cycling team (2004–2012) | bucket: sports_team,sports_team,Acqua & Sapone,Italy,2004-01-01,2012-01-01,0,4
Q343608,Action 52,unlicensed multicart video game compilation | bucket: video_game,video_game,Action 52,United States,1991-01-01,1991-01-01,0,4
Q4684292,Adolfo de Hostos,Puerto Rican historian (1887-1982) | bucket: human,human,Adolfo de Hostos,United States,1887-01-08,1982-10-29,0,4
Q2566060,Age of Chivalry,video game | bucket: video_game,video_game,Age of Chivalry,,2007-09-10,2007-09-10,0,4
Q2661073,Agent,unreleased video game by Rockstar Games | bucket: video_game,video_game,Agent (video game),United Kingdom,,,0,4
Q397221,Agritubel,cycling team (2001-2009) | bucket: sports_team,sports_team,Agritubel,France,2004-01-01,2009-01-01,0,4
Q11450933,Ajigawa stable,stable of sumo wrestlers | bucket: sports_team,sports_team,Ajigawa stable (2022),Japan,,,0,4
Q175392,Akosua Busia,Ghanaian-born British actress and songwriter | bucket: human,human,Akosua Busia,Ghana,1966-12-30,,0,4
Q903599,Akumu-chan,Japanese TV series or program | bucket: tv_series,tv_series,My Little Nightmare,Japan,2012-10-13,2012-12-22,0,4
Q4702119,Al'Akbar,bucket: fictional_character,fictional_character,Al'Akbar,,,,0,4
Q25999643,Al-Mahdi Al-Barghathi,Libyan politician | bucket: human,human,Al-Mahdi Al-Barghathi,,,,0,4
Q30905503,Alejandro Finocchiaro,Argentine politician | bucket: human,human,Alejandro Finocchiaro,Argentina,1967-08-27,,0,4
Q376873,Alexander Zwo,television series | bucket: tv_series,tv_series,Alexander Zwo,Germany,1972-11-25,1973-02-10,0,4
Q61524658,Alfred Jonas Dowuona-Hammond,Ghanaian politician | bucket: human,human,Alfred Jonas Dowuona-Hammond,Ghana,1920-06-17,,0,4
Q4726468,Alien Swarm,2004 video game | bucket: video_game,video_game,Alien Swarm (mod),,2004-05-28,2004-05-28,0,4
Q125156681,Alien: Isolation - Crew Expendable,2014 video game expansion | bucket: video_game,video_game,Alien: Isolation - Crew Expendable,England,2014-10-28,2014-10-28,0,4
Q49829,Alles Atze,German comedy television series | bucket: tv_series,tv_series,Alles Atze,Germany,2000-01-07,2007-06-22,0,4
Q21114,Alligator Sky,song by Owl City | bucket: musical_work,musical_work,Alligator Sky,United States,2011-04-12,2011-04-12,0,4
Q4732876,Allitur,fictional deity from Dungeons & Dragons | bucket: fictional_character,fictional_character,Allitur,,,,0,4
Q4734106,Alocer,bucket: fictional_character,fictional_character,Alocer (Dungeons & Dragons),,,,0,4
Q796040,Alpecin-Premier Tech,Belgian cycling team | bucket: sports_team,sports_team,Alpecin–Premier Tech,Belgium,2009-01-01,,0,4
Q128495,Alpha 5,fictional character | bucket: fictional_character,fictional_character,Alpha 5 (Power Rangers),,,,0,4
Q4736264,Alter Aeon,1995 video game | bucket: video_game,video_game,Alter Aeon,United States,1995-01-01,1995-01-01,0,4
Q4737052,Altwaal,bucket: fictional_character,fictional_character,Altwaal,,,,0,4
Q4740629,Amatsu-Mikaboshi,fictional character in Marvel Comics | bucket: fictional_character,fictional_character,Amatsu-Mikaboshi (character),,,,0,4
Q2579615,Amazing Nurse Nanako,1999 original video animation | bucket: film,film,Amazing Nurse Nanako,Japan,1999-01-01,2000-01-01,0,4
Q2839801,Ambassador Magma,Japanese manga series | bucket: film,film,Ambassador Magma,Japan,1966-06-04,1967-09-25,0,4
Q53922,American Horror Story,American anthology horror television series | bucket: tv_series,tv_series,American Horror Story,United States,2011-10-05,,0,4
Q468052,Amerika,1987 American television serial | bucket: tv_series,tv_series,Amerika (miniseries),United States,1987-01-01,1987-02-22,0,4
Q239375,Amica Chips-Knauf,cycling team | bucket: sports_team,sports_team,Amica Chips–Knauf,San Marino,2008-01-01,2009-01-01,0,4
Q131483,Ammit,female demon in ancient Egyptian religion | bucket: fictional_character,fictional_character,Ammit,,,,0,4
Q485949,Anantacaritra,Bodhisattva mentioned in the Lotus Sutra | bucket: fictional_character,fictional_character,Anantacaritra,,,,0,4
Q280082,And No Matches,single | bucket: musical_work,musical_work,And No Matches,,2007-11-23,2007-11-23,0,4
Q426501,Andalucía,cycling team | bucket: sports_team,sports_team,Andalucía (cycling team),Spain,2005-01-01,2013-01-01,0,4
Q1193734,Andjety,ancient Egyptian deity | bucket: fictional_character,fictional_character,Andjety,,,,0,4
Q1080652,Angel of Darkness,1994 Japanese OVA | bucket: film,film,Angel of Darkness (anime),Japan,1994-01-01,1994-01-01,0,4
Q2786549,Angry Birds Trilogy,2012 video game compilation | bucket: video_game,video_game,Angry Birds Trilogy,,2012-09-25,2012-09-25,0,4
Q547812,Animation Runner Kuromi,original video animation | bucket: film,film,Animation Runner Kuromi,Japan,,,0,4
Q742086,Another Lady Innocent,2004 original video animation | bucket: film,film,Another Lady Innocent,Japan,2004-01-01,2004-01-01,0,4
Q2302818,Anput,Egyptian deity | bucket: fictional_character,fictional_character,Anput,,,,0,4
Q160061,Anton Diabelli,Austrian composer and publisher | bucket: human,human,Anton Diabelli,Austrian Empire,1781-09-06,1858-04-08,0,4
Q4779725,Aphrodite,fictional character | bucket: fictional_character,fictional_character,Aphrodite (Hercules: The Legendary Journeys and Xena: Warrior Princess),,,,0,4
Q4780268,Apollo,Wildstorm/DC Comics superhero character | bucket: fictional_character,fictional_character,Apollo (DC Comics),,,,0,4
Q4780459,Apomps,bucket: fictional_character,fictional_character,Apomps,,,,0,4
Q2858749,Appleseed,1988 cyberpunk original video animation directed by Kazuyoshi Katayama | bucket: film,film,Appleseed (1988 film),Japan,1988-01-01,1988-01-01,0,4
Q635470,Appleseed XIII,original video animation | bucket: film,film,Appleseed XIII,Japan,,,0,4
Q4783784,Araiso stable,bucket: sports_team,sports_team,Araiso stable,Japan,,,0,4
Q4784369,Arashio stable,stable of sumo wrestlers | bucket: sports_team,sports_team,Arashio stable,Japan,,,0,4
Q4785042,Arc the Lad Collection,2002 compilation of Arc the Lad video games | bucket: video_game,video_game,Arc the Lad Collection,,2002-04-18,2002-04-18,0,4
Q4785071,Arcade Classic,video game compilation | bucket: video_game,video_game,Arcade Classic,,1995-01-01,1998-01-01,0,4
Q4785072,Arcade Classics,1996 video game | bucket: video_game,video_game,Arcade Classics (CD-i video game),,1996-01-01,1996-01-01,0,4
Q4785081,Arcade Party Pak,video game compilation | bucket: video_game,video_game,Arcade Party Pak,United States,1999-09-30,1999-09-30,0,4
Q4785088,Arcade Smash Hits,video game compilation | bucket: video_game,video_game,Arcade Smash Hits,United Kingdom,1992-01-01,1992-01-01,0,4
Q4785052,Arcade's Greatest Hits: The Atari Collection 2,1998 video game compilation | bucket: video_game,video_game,Arcade's Greatest Hits: The Atari Collection 2,United States,1998-04-05,1998-04-05,0,4
Q4069054,Ares,"character on the television shows Xena: Warrior Princess, Hercules: The Legendary Journeys and Young Hercules | bucket: fictional_character",fictional_character,Ares (Hercules: The Legendary Journeys and Xena: Warrior Princess),,,,0,4
Q4790741,Arioch,bucket: fictional_character,fictional_character,Arioch (Dungeons & Dragons),,,,0,4
Q721234,Arkéa-B&B Hotels,French cycling team | bucket: sports_team,sports_team,Arkéa–B&B Hotels,France,2005-01-01,2025-01-01,0,4
Q4792883,Armaros,bucket: fictional_character,fictional_character,Armaros (Dungeons & Dragons),,,,0,4
Q688651,Armitage III,1995 cyberpunk original video animation series | bucket: film,film,Armitage III,Japan,1994-01-01,1995-01-01,0,4
Q965450,Armored Trooper VOTOMS,Japanese anime television series | bucket: film,film,Armored Trooper VOTOMS,Japan,1983-01-01,2007-01-01,0,4
Q11598,Arrested Development,American television sitcom | bucket: tv_series,tv_series,Arrested Development,United States,2003-11-02,2019-03-15,0,4
Q778400,Arya,character in Inheritance Cycle tetralogy | bucket: fictional_character,fictional_character,Arya Dröttningu,,,,0,4
Q4803401,Asahiyama stable,sumo wrestling stable | bucket: sports_team,sports_team,Asahiyama stable,Japan,,,0,4
Q11557497,Asakayama stable,stable of sumo wrestlers | bucket: sports_team,sports_team,Asakayama stable,Japan,,,0,4
Q267145,Ashes,single | bucket: musical_work,musical_work,Ashes (Embrace song),,2004-11-15,2004-11-15,0,4
Q4807444,Asmodeus,fictional deity from the Dungeons & Dragons franchise | bucket: fictional_character,fictional_character,Asmodeus (Dungeons & Dragons),,,,0,4
Q111234859,Assassin's Creed III: The Tyranny of King Washington,2013 downloadable content expansion pack | bucket: video_game,video_game,Assassin's Creed III: The Tyranny of King Washington,,,,0,4
Q108857447,Assassin's Creed Syndicate: Jack the Ripper,2015 video game DLC | bucket: video_game,video_game,Assassin's Creed Syndicate: Jack the Ripper,,2015-12-22,2015-12-22,0,4
Q2714423,Asuka Kazama,fictional character from Tekken | bucket: fictional_character,fictional_character,Asuka Kazama,,1990-06-02,,0,4
Q240455,Ataa Oko,Coffin artist (1919–2012) | bucket: human,human,Ataa Oko,Ghana,1919-01-01,2012-12-09,0,4
Q4812833,Atari Greatest Hits,video game series | bucket: video_game,video_game,Atari Greatest Hits,,2010-11-02,2011-03-08,0,4
Q213104,Ataru,TBS TV series | bucket: tv_series,tv_series,Ataru (TV series),Japan,2012-04-15,2012-06-24,0,4
Q2407136,Atashinchi no Danshi,Japanese TV series | bucket: tv_series,tv_series,Atashinchi no Danshi,Japan,2009-04-14,2009-06-23,0,4
Q130227,Aten,ancient Egyptian god | bucket: fictional_character,fictional_character,Aten,,,,0,4
Q4817634,Atroa,fictional deity from Dungeons & Dragons | bucket: fictional_character,fictional_character,Atroa (Dungeons & Dragons),,,,0,4
Q590513,Aurum Hotels,cycling team | bucket: sports_team,sports_team,Aurum Hotels,Italy; Switzerland; Slovenia,1996-01-01,2007-01-01,0,4
Q193849,Avalokiteśvara,Bodhisattva embodying compassion | bucket: fictional_character,fictional_character,Avalokiteśvara,,,,0,4
Q4827646,Avandra,bucket: fictional_character,fictional_character,Avandra,,,,0,4
Q35539733,Ayo Omidiran,politician | bucket: human,human,Ayo Omidiran,Nigeria,1963-11-10,,0,4
Q4831547,Ayo Saka,footballer | bucket: human,human,Ayo Saka,Nigeria,1992-05-18,,0,4
Q4833075,Azumazeki Stable,Stable of sumo wrestlers (1986–2021) | bucket: sports_team,sports_team,Azumazeki stable,Japan,,,0,4
Q154118,BMW Sauber,Formula 1 team | bucket: sports_team,sports_team,BMW Sauber,,,,0,4
Q871146,Baby Princess,Japanese light novel series | bucket: film,film,Baby Princess,,2011-01-01,2011-01-01,0,4
Q6414679,Bad Boys,1993 manga series by Hiroshi Tanaka | bucket: film,film,Bad Boys (manga),Japan,1993-01-01,1993-01-01,0,4
Q27943305,Bad Things,2016 single by Machine Gun Kelly and Camila Cabello | bucket: musical_work,musical_work,Bad Things (Machine Gun Kelly and Camila Cabello song),United States,2016-01-01,2016-01-01,0,4
Q4849783,Balador,bucket: fictional_character,fictional_character,Balador,,,,0,4
Q12473898,Bambang Susantono,1st Head of Nusantara Capital City Authority (2022—2024) and 5th Deputy Minister of Transportation of Indonesia (2009—2014) | bucket: human,human,Bambang Susantono,Indonesia,1963-11-04,,0,4
Q208048,Band of Brothers,TV mini-series | bucket: tv_series,tv_series,Band of Brothers (miniseries),United States,2001-09-09,2001-11-04,0,4
Q91917,Baoh,manga | bucket: film,film,Baoh,Japan,,,0,4
Q721230,Bardiani CSF 7 Saber,Italian cycling team | bucket: sports_team,sports_team,Bardiani–CSF 7 Saber,Ireland; Italy,1982-01-01,,0,4
Q4861076,Barkley 2,unfinished video game project | bucket: video_game,video_game,Barkley 2,United States,,,0,4
Q790559,Barloworld,cycling team | bucket: sports_team,sports_team,Barloworld (cycling team),United Kingdom; South Africa,2003-01-01,2009-01-01,0,4
Q3315600,Barrier Reef,television series | bucket: tv_series,tv_series,Barrier Reef (TV series),Japan; Australia,1971-02-12,1972-05-02,0,4
Q20938,Bass Cannon,song by Flux Pavilion | bucket: musical_work,musical_work,Bass Cannon,,2011-03-19,2011-03-19,0,4
Q4868454,BatMUD,1990 video game | bucket: video_game,video_game,BatMUD,Finland,1990-01-01,1990-01-01,0,4
Q4875197,Bazim-Gorag,bucket: fictional_character,fictional_character,Bazim-Gorag,,,,0,4
Q494,Beakman's World,educational children's television show | bucket: tv_series,tv_series,Beakman's World,United States,1992-09-16,1998-08-01,0,4
Q717890,Beautiful Life,Japanese TV series | bucket: tv_series,tv_series,Beautiful Life (Japanese TV series),Japan,2000-01-16,2000-03-26,0,4
Q901021,Beautiful Rain,Japanese television series | bucket: tv_series,tv_series,Beautiful Rain,Japan,2012-07-01,,0,4
Q73268,Beauty and the Beast,2012 television series | bucket: tv_series,tv_series,Beauty & the Beast (2012 TV series),United States,2012-10-11,2016-09-15,0,4
Q4880768,Beherit,Dungeons & Dragons character | bucket: fictional_character,fictional_character,Beherit (Dungeons & Dragons),,,,0,4
Q251787,Bei Mir Bistu Shein,song | bucket: musical_work,musical_work,Bei Mir Bistu Shein,France,1932-01-01,1932-01-01,0,4
Q4884731,Beltar,fictional deity from Dungeons & Dragons | bucket: fictional_character,fictional_character,Beltar (Dungeons & Dragons),,,,0,4
Q327985,Ben Hur,2010 television miniseries | bucket: tv_series,tv_series,Ben Hur (miniseries),Canada; United Kingdom; Germany,2010-01-01,2011-06-10,0,4
Q4885171,Ben-hadar,bucket: fictional_character,fictional_character,Ben-hadar,,,,0,4
Q171329,Benetton Formula,auto racing team in Italy & Great Britain | bucket: sports_team,sports_team,Benetton Formula,Italy,,,0,4
Q4891213,Berei,fictional deity from Dungeons & Dragons | bucket: fictional_character,fictional_character,Berei,,,,0,4
Q188931,Bes,Egyptian deity | bucket: fictional_character,fictional_character,Bes,,,,0,4
Q4896964,Best of Microsoft Entertainment Pack,game compilation | bucket: video_game,video_game,Best of Microsoft Entertainment Pack,,1995-01-01,1995-01-01,0,4
Q2899998,Best of Times,1981 television film by Don Mischer | bucket: film,film,The Best of Times (1981 film),United States,1981-01-01,1981-01-01,0,4
Q64867091,Beverley Shore Bennett,New Zealand artist (1928–2024) | bucket: human,human,Beverley Shore Bennett,New Zealand,1928-01-01,2024-09-03,0,4
Q4900182,Beyond the Red Line,unfinished FreeSpace 2 total conversion mod | bucket: video_game,video_game,Beyond the Red Line,,2007-03-31,2007-03-31,0,4
Q4904751,Biffant,bucket: fictional_character,fictional_character,Biffant,,,,0,4
Q12521,Big Brother,Finnish version of the Big Brother television series | bucket: tv_series,tv_series,Big Brother (Finnish TV series),Finland,2005-08-28,2014-11-14,0,4
Q21137,Big City Life,song by Mattafix | bucket: musical_work,musical_work,Big City Life,,2005-08-08,2005-08-08,0,4
Q60195411,Bimal Thapa,Bhutanese politician | bucket: human,human,Bimal Thapa,Bhutan,1986-01-01,,0,4
Q4918673,Bit.Trip Saga,compilation of six downloadable video games | bucket: video_game,video_game,Bit.Trip Saga,United States,2011-09-13,2011-09-13,0,4
Q49019,Blackadder,"British television comedy series, 1983–89 | bucket: tv_series",tv_series,Blackadder,United Kingdom,1983-06-15,1989-11-02,0,4
Q19981,Bleed It Out,2007 single by Linkin Park | bucket: musical_work,musical_work,Bleed It Out,United States,2007-08-14,2007-08-14,0,4
Q4926169,Bleredd,bucket: fictional_character,fictional_character,Bleredd,,,,0,4
Q885903,Blue Submarine No. 6,OVA and manga series | bucket: film,film,Blue Submarine No. 6,Japan,,,0,4
Q886105,Blue's Clues,American interactive educational children's television series | bucket: film,film,Blue's Clues,United States,1996-09-08,2006-08-06,0,4
Q875971,Boku dake no Madonna,Japanese TV series or program | bucket: tv_series,tv_series,Boku dake no Madonna,Japan,2003-07-07,2003-09-15,0,4
Q3585977,Boku no Ikiru Michi,Japanese TV series or program | bucket: tv_series,tv_series,Boku no Ikiru Michi,Japan,2003-01-07,2003-03-18,0,4
Q539041,Boku no Pico,2006 series of adult shotacon anime OVAs | bucket: film,film,Boku no Pico,Japan,2006-01-01,2006-01-01,0,4
Q891232,Boku wa Imōto ni Koi o Suru,Japanese manga series | bucket: film,film,Boku wa Imōto ni Koi o Suru,Japan,2007-01-01,2007-01-01,0,4
Q2678613,Bolesław I of Masovia,Polish noble | bucket: human,human,Bolesław I of Masovia,,1208-01-01,1248-01-01,0,4
Q171760,Boro,Dutch Formula One constructor | bucket: sports_team,sports_team,Boro (Formula One),Netherlands,,,0,4
Q21100,Both of Us,2012 song by B.o.B ft. Taylor Swift | bucket: musical_work,musical_work,Both of Us,United States,2012-05-22,2012-05-22,0,4
Q4956060,Bralm,fictional deity from Dungeons & Dragons | bucket: fictional_character,fictional_character,Bralm,,,,0,4
Q17596,Brawn GP,Formula One motor racing team | bucket: sports_team,sports_team,Brawn GP,United Kingdom,2009-01-01,2009-01-01,0,4
Q265696,Breakin'... There's No Stopping Us,single | bucket: musical_work,musical_work,Breakin'... There's No Stopping Us,,1984-06-21,1984-06-21,0,4
Q1079,Breaking Bad,American crime drama television series (2008–2013) | bucket: tv_series,tv_series,Breaking Bad,United States,2008-01-20,2013-09-29,0,4
Q19978,Breaking the Habit,2004 single by Linkin Park | bucket: musical_work,musical_work,Breaking the Habit (song),United States,2004-06-14,2004-06-14,0,4
Q171320,British American Racing,Formula One motor racing team | bucket: sports_team,sports_team,British American Racing,United Kingdom,,,0,4
Q172148,British Racing Partnership,British motor racing team and constructor | bucket: sports_team,sports_team,British Racing Partnership,United Kingdom,,,0,4
Q2082930,Brother Beat,Japanese television series | bucket: tv_series,tv_series,Brother Beat,Japan,2005-10-13,2005-12-22,0,4
Q997465,Bubblegum Crisis,1987 cyberpunk original video animation series | bucket: film,film,Bubblegum Crisis,Japan,1987-02-25,1992-04-02,0,4
Q1093612,Bull Doctor,TV series | bucket: tv_series,tv_series,Bull Doctor,Japan,2011-07-06,2011-09-14,0,4
Q19991,Burn It Down,2012 single by Linkin Park | bucket: musical_work,musical_work,Burn It Down (Linkin Park song),United States,2012-04-16,2012-04-16,0,4
Q2543155,Burn Up!,1991 original video animation | bucket: film,film,Burn Up!,Japan,1991-01-01,1991-01-01,0,4
Q19989,Burning in the Skies,single by Linkin Park | bucket: musical_work,musical_work,Burning in the Skies,United States,2010-03-21,2010-03-21,0,4
Q5003684,Bwimb,bucket: fictional_character,fictional_character,Bwimb,,,,0,4
Q787401,CCC Team,Polish cycling team | bucket: sports_team,sports_team,CCC Pro Team,United States; Poland,2007-01-01,2020-01-01,0,4
Q6399654,CR Gokujō Parodius!,pachinko series | bucket: video_game,video_game,CR Gokujō Parodius!,,,,0,4
Q5737484,CR Parodius Da!,pachinko series | bucket: video_game,video_game,CR Parodius Da!,,,,0,4
Q857251,Caja Rural-Seguros RGA,road cycling team | bucket: sports_team,sports_team,Caja Rural–Seguros RGA,Spain,2010-01-01,,0,4
Q112325384,Call to Arms - Gates of Hell: Ostfront,2021 DLC of Call to Arms | bucket: video_game,video_game,Gates of Hell: Ostfront,,2021-06-11,2021-06-11,0,4
Q266214,Calling All Girls,original song written and composed by Roger Taylor | bucket: musical_work,musical_work,Calling All Girls,,1982-01-01,1982-01-01,0,4
Q5024016,Caltron 6 in 1,6-game multicart for NES | bucket: video_game,video_game,Caltron 6 in 1,,,,0,4
Q115255660,Cam' Ye by Atholl,Scottish folk song | bucket: musical_work,musical_work,Cam' Ye by Atholl,,,,0,4
Q3283357,Campus Special Investigator Hikaruon,original video animation | bucket: film,film,Campus Special Investigator Hikaruon,Japan,,,0,4
Q3816219,Cancion mixteca,Oaxacan song | bucket: musical_work,musical_work,Canción mixteca,Mexico,1915-01-01,,0,4
Q2671293,Candraprabha,bodhisattva or deva of the Lunar Palace | bucket: fictional_character,fictional_character,Candraprabha,,,,0,4
Q3655778,Cantiga da Garvaia,cantiga de amigo (song of love - form of medieval lyric poetry) | bucket: musical_work,musical_work,Cantiga da Ribeirinha,,,,0,4
Q426630,Capcom Classics Collection,2005 video game compilation | bucket: video_game,video_game,Capcom Classics Collection,United States,2005-01-01,2005-01-01,0,4
Q5034542,Capcom Digital Collection,video game | bucket: video_game,video_game,Capcom Digital Collection,,2012-03-27,2012-03-27,0,4
Q5034544,Capcom Puzzle World,video game compilation | bucket: video_game,video_game,Capcom Puzzle World,United States,2007-02-06,2007-02-06,0,4
Q312264,Captain Beefheart,American musician and painter (1941-2010) | bucket: human,human,Captain Beefheart,United States,1941-01-15,2010-12-17,0,4
Q53848199,Carl Barrington Greenidge,politician | bucket: human,human,Carl Barrington Greenidge,Guyana,1949-03-03,,0,4
Q5043532,Carmen Ohio,The Ohio State University school song | bucket: musical_work,musical_work,Carmen Ohio,United States,,,0,4
Q442540,Caroline Gennez,Flemish politician | bucket: human,human,Caroline Gennez,Belgium,1975-08-21,,0,4
Q117718135,Carter Efe,Nigerian singer & comedian | bucket: human,human,Carter Efe,Nigeria,2001-09-29,,0,4
Q5049317,Cassette 50,1983 video game compilation | bucket: video_game,video_game,Cassette 50,United Kingdom,1983-01-01,1986-01-01,0,4
Q2629677,Cat Soup,2001 film by Tatsuo Satō | bucket: film,film,Cat Soup,Japan,2001-02-21,2003-09-09,0,4
Q188926,Catherine Howard,fifth wife of Henry VIII of England | bucket: human,human,Catherine Howard,Kingdom of England,1523-01-01,1542-02-23,0,4
Q123112,Celia von Bismarck,Swiss celebrity (1971-2010) | bucket: human,human,Celia von Bismarck,Switzerland,1971-10-19,2010-12-17,0,4
Q970784,Ceramica Flaminia,Italian cycling team | bucket: sports_team,sports_team,Ceramica Flaminia,Italy,2005-01-01,2010-01-01,0,4
Q32102,Ceres,Roman goddess of agriculture | bucket: fictional_character,fictional_character,Ceres (mythology),,,,0,4
Q427006,Cervélo Test,cycling team (2009-2010) | bucket: sports_team,sports_team,Cervélo TestTeam,Switzerland,2009-01-01,2010-01-01,0,4
Q611425,Champion System,cycling team (2010-2013) | bucket: sports_team,sports_team,Champion System,People's Republic of China; Armenia,2010-01-01,2013-01-01,0,4
Q21144,Changed the Way You Kiss Me,song by Example | bucket: musical_work,musical_work,Changed the Way You Kiss Me,,2011-06-05,2011-06-05,0,4
Q312581,Charles Edward Stuart,"Jacobite pretender to the thrones of England, Scotland, Ireland, and France; (1720-1788) | bucket: human",human,Charles Edward Stuart,Kingdom of Great Britain,1720-12-31,1788-01-31,0,4
Q239202,Chrissie Hynde,"American rock musician, founder of The Pretenders | bucket: human",human,Chrissie Hynde,United States; United Kingdom,1951-09-07,,0,4
Q271715,Christopher Chope,British politician (born 1947) | bucket: human,human,Christopher Chope,United Kingdom,1947-05-19,,0,4
Q2293,Chuck,American television series | bucket: tv_series,tv_series,Chuck (TV series),United States,2007-09-24,2012-01-27,0,4
Q5121380,CircleMUD,video game | bucket: video_game,video_game,CircleMUD,,,,0,4
Q110903900,City Lament,poetic elegy for a lost or fallen city | bucket: musical_work,musical_work,City Lament,,,,0,4
Q2902020,City Of,episode of Angel (S1 E1) | bucket: film,film,City Of,,1999-10-05,1999-10-05,0,4
Q5128226,Classic Text Adventure Masterpieces of Infocom,collection of 33 computer games | bucket: video_game,video_game,Classic Text Adventure Masterpieces of Infocom,United States,1996-01-01,1996-01-01,0,4
Q85060837,Claudius Herr,Austrian painter (1775–1838) | bucket: human,human,Claudius Herr,Austria,1775-01-01,1838-01-01,0,4
Q900288,Cofidis,men cycling team | bucket: sports_team,sports_team,Cofidis (cycling team),France,1996-01-01,,0,4
Q129679,"Colin Moynihan, 4th Baron Moynihan",British politician and rower (born 1955) | bucket: human,human,"Colin Moynihan, 4th Baron Moynihan",United Kingdom,1955-09-13,,0,4
Q678284,Colombia-Coldeportes,cycling team | bucket: sports_team,sports_team,Colombia (cycling team),Colombia,2012-01-01,2015-01-01,0,4
Q5150983,Combustible Campus Guardress,original video animation | bucket: film,film,Combustible Campus Guardress,Japan,,,0,4
Q2618195,Command & Conquer: The First Decade,2006 video game compilation | bucket: video_game,video_game,Command & Conquer: The First Decade,United States,2006-02-07,2006-02-07,0,4
Q121141082,Command & Conquer: Ultimate Collection,2012 video game compilation | bucket: video_game,video_game,Command & Conquer: The Ultimate Collection,,,,0,4
Q1129655,Cool Devices,1995 original video animation | bucket: film,film,Cool Devices,Japan,1995-01-01,1995-01-01,0,4
Q173003,Cooper Car Company,auto racing team | bucket: sports_team,sports_team,Cooper Car Company,United Kingdom,,,0,4
Q5174071,Cosmic Fantasy,original video animation | bucket: film,film,Cosmic Fantasy,Japan,,,0,4
Q21095,Crack a Bottle,"song by Eminem, Dr. Dre and 50 Cent | bucket: musical_work",musical_work,Crack a Bottle,United States,2009-02-02,2009-02-02,0,4
Q264636,Craig Whittaker,British politician (born 1962) | bucket: human,human,Craig Whittaker,United Kingdom,1962-08-30,,0,4
Q581136,Crelan-Euphony,Belgian cycling team | bucket: sports_team,sports_team,Landbouwkrediet–Colnago,Belgium,1989-01-01,2013-01-01,0,4
Q288241,Crispus Attucks,"African American/Native American, first victim of the Boston Massacre | bucket: human",human,Crispus Attucks,Kingdom of Great Britain,1723-01-01,1770-03-05,0,4
Q1477715,Croatia at the 1998 FIFA World Cup,bucket: sports_team,sports_team,Croatia at the 1998 FIFA World Cup,Croatia,1998-01-01,1998-01-01,0,4
Q263085,Crockett's Theme,single | bucket: musical_work,musical_work,Crockett's Theme,,1987-01-01,1987-01-01,0,4
Q1117884,Crying Freeman,Japanese manga series | bucket: film,film,Crying Freeman,Japan,,,0,4
Q40732,Cuando quiero llorar no lloro,Spanish language TV series produced by Colombia's R.T.I. | bucket: tv_series,tv_series,Cuando quiero llorar no lloro (TV series),Colombia,1991-04-28,1991-08-18,0,4
Q26508,Cult Energy,professional road bicycle racing team licensed in Denmark (2000-2015) | bucket: sports_team,sports_team,Cult Energy Pro Cycling,Denmark,2000-01-01,2015-01-01,0,4
Q266872,Cut Here,single | bucket: musical_work,musical_work,Cut Here,,2001-10-29,2001-10-29,0,4
Q5197821,Cybernetics Guardian,Japanese original video animation | bucket: film,film,Cybernetics Guardian,Japan,,,0,4
Q990,Czterej pancerni i pies,Polish television series | bucket: tv_series,tv_series,Four Tank-Men and a Dog,Polish People's Republic,1966-05-09,1970-05-06,0,4
Q5209062,Daiakuji,video game | bucket: film,film,Daiakuji,Japan,2001-11-30,2001-11-30,0,4
Q5209405,Daimajuu Gekitou Hagane no Oni,original video animation | bucket: film,film,Daimajū Gekitō: Hagane no Oni,Japan,,,0,4
Q2626451,Dallos,1983 original video animation | bucket: film,film,Dallos,Japan,1983-01-01,1985-01-01,0,4
Q137425824,Dame Durden,traditional English folk song | bucket: musical_work,musical_work,Dame Durden,,,,0,4
Q290646,Damian Collins,British politician | bucket: human,human,Damian Collins,United Kingdom,1974-02-04,,0,4
Q2602128,Dancouga – Super Beast Machine God,Japanese anime television series | bucket: film,film,Dancouga – Super Beast Machine God,Japan,1985-04-05,1985-12-27,0,4
Q2083085,Dangerous Beauty,Japanese TV series | bucket: tv_series,tv_series,Dangerous Beauty (TV series),Japan,2005-10-17,2005-12-19,0,4
Q469535,Dangerous liaisons,2003 TV miniseries | bucket: tv_series,tv_series,Les Liaisons dangereuses (miniseries),France,2003-01-01,2003-08-25,0,4
Q5222572,Darey,Nigerian musician | bucket: human,human,Darey,Nigeria,,,0,4
Q5223408,Dark Shell,2003 original video animation | bucket: film,film,Dark Shell,Japan,2003-06-25,2003-09-25,0,4
Q5223795,Darkstalkers Resurrection,video game compilation | bucket: video_game,video_game,Darkstalkers Resurrection,United States,2013-03-12,2013-03-12,0,4
Q5227162,Data East Arcade Classics,compilation of video games | bucket: video_game,video_game,Data East Arcade Classics,United States,2010-02-19,2010-02-19,0,4
Q126852186,David Burton-Sampson,MP for Southend West and Leigh in the UK Parliament | bucket: human,human,David Burton-Sampson,United Kingdom,1977-11-01,,0,4
Q771553,Day of Defeat,2003 video game by Valve Corporation | bucket: video_game,video_game,Day of Defeat,United States,2003-05-01,2013-03-13,0,4
Q1583764,Dear Esther,2012 video game | bucket: video_game,video_game,Dear Esther,United Kingdom,2012-02-14,2012-02-14,0,4
Q1191505,Death Has a Shadow,episode of Family Guy (S1 E1) | bucket: film,film,Death Has a Shadow,United States,1999-01-31,1999-01-31,0,4
Q5248659,Debutante Detective Corps,Japanese anime OVA | bucket: film,film,Debutante Detective Corps,,1996-01-01,1996-01-01,0,4
Q310482,Decathlon CMA CGM Team,French cycling team | bucket: sports_team,sports_team,Decathlon CMA CGM Team,France,1992-01-01,,0,4
Q2542211,Demon City Shinjuku,novel by Hideyuki Kikuchi | bucket: film,film,Demon City Shinjuku,Japan,,,0,4
Q5256206,Demon Fighter Kocho,Japanese manga series by Nonki Miyasu | bucket: film,film,Demon Fighter Kocho,Japan,1997-01-01,1997-01-01,0,4
Q2616292,Demon Prince Enma,manga and original video animation | bucket: film,film,Demon Prince Enma,Japan,,,0,4
Q32225,Desert Combat,total conversion mod of the 2002 video game Battlefield 1942 | bucket: video_game,video_game,Desert Combat,,2004-02-06,2004-02-06,0,4
Q1152489,Detroit Metal City,2008 vulgar comedy manga series by Kiminori Wakasugi directed by Toshio Lee | bucket: film,film,Detroit Metal City,Japan,2008-01-01,2008-01-01,0,4
Q5268072,Dewanoumi stable,Organization of sumo wrestlers | bucket: sports_team,sports_team,Dewanoumi stable,Japan,,,0,4
Q1072575,Diebuster,original video animation series directed by Kazuya Tsurumaki | bucket: film,film,Diebuster,Japan,2004-10-03,2004-10-03,0,4
Q5275896,Digital Juice,2002 original video animation | bucket: film,film,Digital Juice (anime),Japan,2002-01-01,2002-01-01,0,4
Q3027935,DikuMUD,Danish text-based virtual world (MUD) | bucket: video_game,video_game,DikuMUD,Denmark,1990-01-01,1990-01-01,0,4
Q3029735,Dirty Pair Flash,Japanese media franchise | bucket: film,film,Dirty Pair Flash,,,,0,4
Q3013253,Dirty Pair: Affair of Nolandia,Japanese OVA | bucket: film,film,Dirty Pair: Affair of Nolandia,Japan,1985-12-20,1985-12-20,0,4
Q3013255,Dirty Pair: Flight 005 Conspiracy,Japanese OVA | bucket: film,film,Dirty Pair: Flight 005 Conspiracy,Japan,1990-01-25,1990-01-25,0,4
Q1228613,Discworld MUD,1991 video game | bucket: video_game,video_game,Discworld MUD,,1991-01-01,1991-01-01,0,4
Q268584,Dominic Raab,British politician (born 1974) | bucket: human,human,Dominic Raab,United Kingdom,1974-02-25,,0,4
Q1238117,Dominion,Japanese manga series | bucket: film,film,Dominion (manga),Japan,1986-01-01,1986-01-01,0,4
Q2758633,Don Quixote,Japanese television drama series | bucket: tv_series,tv_series,Don Quixote (TV series),Japan,2011-07-09,2011-09-24,0,4
Q284583,Don't Ask My Name,1990 single by Pochonbo Electronic Ensemble | bucket: musical_work,musical_work,Don't Ask My Name,,1990-01-01,1990-01-01,0,4
Q5291495,Don't Buy This,1985 video game for Spectrum | bucket: video_game,video_game,Don't Buy This,United Kingdom,1985-01-01,1985-01-01,0,4
Q21099,Don't Let Me Fall,song by B.o.B | bucket: musical_work,musical_work,Don't Let Me Fall,United States,2010-09-28,2010-09-28,0,4
Q4380,Don't Trust the B---- in Apartment 23,American sitcom (2012–2013) | bucket: tv_series,tv_series,Don't Trust the B---- in Apartment 23,United States,2012-04-11,2013-05-13,0,4
Q5223786,Doomed Megalopolis,original video animation | bucket: film,film,Doomed Megalopolis,Japan,1991-09-27,1991-09-27,0,4
Q406363,Dragon Quest 25 Shūnen Kinen Famicom & Super Famicom Dragon Quest I・II・III,2011 video game | bucket: video_game,video_game,Dragon Quest 25 Shūnen Kinen Famicom & Super Famicom Dragon Quest I・II・III,,2011-09-15,2011-09-15,0,4
Q638266,Drapac-EF Cannondale Holistic Development,cycling team | bucket: sports_team,sports_team,Drapac Cannondale Holistic Development Team,Australia,2004-01-01,2019-01-01,0,4
Q5306537,Dreamcast Collection,video game compilation | bucket: video_game,video_game,Dreamcast Collection,,2011-02-22,2011-02-22,0,4
Q263918,Drive Slow,single | bucket: musical_work,musical_work,Drive Slow,United States,2006-06-06,2006-06-06,0,4
Q1164867,Duamutef,deity | bucket: fictional_character,fictional_character,Duamutef,,,,0,4
Q2722692,Duke Nukem,protagonist of the eponymous video game series | bucket: fictional_character,fictional_character,Duke Nukem (character),United States,1967-04-09,,0,4
Q5312889,Duke University Alma Mater,"official alma mater of Duke University in Durham, North Carolina | bucket: musical_work",musical_work,Dear Old Duke,,,,0,4
Q5315172,Dungeons & Dragons Collection,video game compilation | bucket: video_game,video_game,Dungeons & Dragons Collection,,1999-03-04,1999-03-04,0,4
Q465155,Dystopia,2005 video game mod for Half-Life 2 | bucket: video_game,video_game,Dystopia (video game),,2005-09-10,2007-02-25,0,4
Q5321259,Dōkyūsei 2,1995 video game | bucket: film,film,Dōkyūsei 2,Japan,1995-01-01,1995-01-01,0,4
Q5322547,EA Replay,2006 video game compilation | bucket: video_game,video_game,EA Replay,,2006-11-14,2006-11-14,0,4
Q72085,ECW on TNN,television program | bucket: tv_series,tv_series,ECW on TNN,United States,1999-08-27,2000-10-06,0,4
Q752425,EF Education-EasyPost,American professional men's cycling team | bucket: sports_team,sports_team,EF Education–EasyPost,United States,2005-01-01,,0,4
Q281624,Earth Angel,1954 single by The Penguins | bucket: musical_work,musical_work,Earth Angel,United States,1954-01-01,1954-10-01,0,4
Q2703745,Earthian,Japanese manga series | bucket: film,film,Earthian,Japan,,,0,4
Q22998,Earthquake,song by British musician Labrinth | bucket: musical_work,musical_work,Earthquake (Labrinth song),,2011-10-23,2011-10-23,0,4
Q451399,Edge of Darkness,British television series | bucket: tv_series,tv_series,Edge of Darkness,United Kingdom,1985-11-04,1985-12-09,0,4
Q214108,Eduard Steuermann,American pianist of Jewish origin (1892–1964) | bucket: human,human,Eduard Steuermann,United States,1892-06-18,1964-11-11,0,4
Q5344177,Edward Llewellyn,British political advisor | bucket: human,human,"Edward Llewellyn, Baron Llewellyn of Steep",United Kingdom,1965-09-23,,0,4
Q272318,Edward Timpson,British politician (born 1973) | bucket: human,human,Edward Timpson,United Kingdom,1973-12-26,,0,4
Q37861343,Edward Zammit Lewis,Maltese politician | bucket: human,human,Edward Zammit Lewis,Malta,1973-06-21,,0,4
Q5348960,Eight Clouds Rising,manga series | bucket: film,film,Eight Clouds Rising,Japan,,,0,4
Q50951,Ein Kessel Buntes,East German television variety show (1972–1992) | bucket: tv_series,tv_series,Ein Kessel Buntes,German Democratic Republic,1972-01-29,1992-12-19,0,4
Q3049630,Eko Eko Azarak,2006 film | bucket: tv_series,tv_series,Eko Eko Azarak (manga),Japan,2006-12-16,2006-12-16,0,4
Q3050407,Elaith Craulnober,"fictional character often likened to a ""silver snake"" because of his appearance | bucket: fictional_character",fictional_character,Elaith Craulnober,,,,0,4
Q1154421,Elementalors,manga | bucket: film,film,Elementalors,Japan,,,0,4
Q694931,Elk Haus,cycling team | bucket: sports_team,sports_team,Elk Haus,Austria,2001-01-01,2009-01-01,0,4
Q5368007,Elven Bride,original video animation | bucket: film,film,Elven Bride,Japan,,,0,4
Q1203306,Embracing Love,manga series | bucket: film,film,Embracing Love,Japan,2005-01-01,2005-01-01,0,4
Q21123,Empire State of Mind,2009 single by Jay-Z feat. Alicia Keys | bucket: musical_work,musical_work,Empire State of Mind,United States,2009-10-20,2009-10-20,0,4
Q2700246,Engine,Japanese television drama series | bucket: tv_series,tv_series,Engine (TV series),Japan,2005-04-18,2005-06-27,0,4
Q172153,English Racing Automobiles,automobile manufacturer | bucket: sports_team,sports_team,English Racing Automobiles,United Kingdom,1933-01-01,1954-01-01,0,4
Q279097,Enjoy the Silence,1990 single by Depeche Mode | bucket: musical_work,musical_work,Enjoy the Silence,,1990-01-16,1990-01-16,0,4
Q5402639,Eternal Family,original video animation | bucket: film,film,Eternal Family,Japan,,,0,4
Q2572842,Everybody's Favorite Bagman,episode of Law & Order (S1 E6) | bucket: film,film,Everybody's Favorite Bagman,United States,1990-10-30,1992-09-29,0,4
Q278325,Everytime tha Beat Drop,2006 single by Monica ft. Dem Franchize Boyz | bucket: musical_work,musical_work,Everytime tha Beat Drop,United States,2006-01-01,2006-01-01,0,4
Q5418625,Evolution Worlds,2002 video game | bucket: video_game,video_game,Evolution Worlds,Japan,2002-07-26,2002-07-26,0,4
Q3736000,Exo-Man,1977 television film | bucket: film,film,Exo-Man,United States,1977-01-01,1977-01-01,0,4
Q60792607,FORCE,bucket: video_game,video_game,FORCE (Villains and Vigilantes),,1982-01-01,1982-01-01,0,4
Q20004,Faint,2003 single by Linkin Park | bucket: musical_work,musical_work,Faint (song),United States,2003-06-09,2003-06-09,0,4
Q5434490,Far Above Cayuga's Waters,Cornell University alma mater | bucket: musical_work,musical_work,Far Above Cayuga's Waters,,,,0,4
Q142540,Faustino Imbali,Foreign and Prime Minister of Guinea-Bissau | bucket: human,human,Faustino Imbali,Guinea-Bissau,1956-05-01,,0,4
Q289064,Felipe Colombo,"Mexican actor, singer and musician | bucket: human",human,Felipe Colombo,Mexico,1983-01-08,,0,4
Q5442997,Fencer of Minerva,original video animation | bucket: film,film,Fencer of Minerva,Japan,,,0,4
Q309768,Fernando Arrabal,Spanish writer and actor resident in France (born 1932) | bucket: human,human,Fernando Arrabal,Spain; France,1932-08-11,,0,4
Q2668497,Final Fantasy Chronicles,Video game compilation released in 2001 | bucket: video_game,video_game,Final Fantasy Chronicles,Japan,2001-06-29,2001-06-29,0,4
Q5449389,Final Fantasy IV: The Complete Collection,video game compilation | bucket: video_game,video_game,Final Fantasy IV: The Complete Collection,,2011-03-24,2011-03-24,0,4
Q24076,FinnWars,2004 mod for the retail computer game Battlefield 1942 (2002) | bucket: video_game,video_game,FinnWars,,2004-02-07,2004-02-07,0,4
Q123254896,Fire Emblem Fates: Revelation,2015 DLC for Fire Emblem Fates | bucket: video_game,video_game,Fire Emblem Fates: Revelation,Japan,2015-07-09,2016-06-10,0,4
Q11622,Firefly,American space Western television series | bucket: tv_series,tv_series,Firefly (TV series),United States,2002-09-20,2003-08-19,0,4
Q4020533,First Born,fictional character | bucket: fictional_character,fictional_character,First Born (comics),,,,0,4
Q171665,Fittipaldi Automotive,Brazilian racecar team | bucket: sports_team,sports_team,Fittipaldi Automotive,Brazil,,,0,4
Q3157456,Football Wives,television pilot | bucket: film,film,Football Wives,United States,,,0,4
Q263858,Forbidden Lover,single | bucket: musical_work,musical_work,Forbidden Lover (song),,1998-10-14,1998-10-14,0,4
Q138933,Force India,Formula One racing team | bucket: sports_team,sports_team,Force India,United Kingdom,2007-01-01,,0,4
Q172974,Forti,Italian motor racing team | bucket: sports_team,sports_team,Forti,Italy,1978-01-01,,0,4
Q4038937,Fortress Forever,mod for Half-Life 2 | bucket: video_game,video_game,Fortress Forever,,2007-09-13,2007-09-13,0,4
Q5480129,"Francis Baring, 3rd Baron Ashburton",British politician | bucket: human,human,"Francis Baring, 3rd Baron Ashburton",Kingdom of Great Britain; United Kingdom of Great Britain and Ireland,1800-05-20,1868-09-06,0,4
Q708732,François Barbé-Marbois,French politician (1745-1837) | bucket: human,human,François Barbé-Marbois,France,1745-01-31,1837-01-14,0,4
Q266295,Free Software Song,1993 single by Richard Stallman | bucket: musical_work,musical_work,Free Software Song,,1993-01-01,1993-01-01,0,4
Q874075,"Freeter, Ie wo Kau",Japanese TV series or program | bucket: tv_series,tv_series,"Freeter, Ie wo Kau",Japan,2009-08-25,2010-12-21,0,4
Q623469,Friends,South Korean-Japanese television miniseries | bucket: tv_series,tv_series,Friends (2002 TV series),Japan; South Korea,2002-02-04,2002-02-05,0,4
Q104144455,Frieren,fictional character from Frieren | bucket: fictional_character,fictional_character,Frieren (character),,,,0,4
Q3815,Fringe,2008 American science fiction television series | bucket: tv_series,tv_series,Fringe (TV series),Canada; United States,2008-09-09,2013-01-18,0,4
Q20005,From the Inside,2004 single by Linkin Park | bucket: musical_work,musical_work,From the Inside (Linkin Park song),United States,2004-01-12,2004-01-12,0,4
Q549255,Fuerteventura-Canarias,cycling team (2007–2007) | bucket: sports_team,sports_team,Fuerteventura–Canarias,Spain,2007-01-01,2007-01-01,0,4
Q2699416,Fujimi Orchestra,2012 film directed by Satoshi Kaneda | bucket: film,film,Fujimi Orchestra,Japan,2012-01-01,2012-01-01,0,4
Q5509719,FurryMUCK,a text-based virtual world | bucket: video_game,video_game,FurryMUCK,United States,1990-01-01,1990-01-01,0,4
Q11371450,Futagoyama stable,Stable | bucket: sports_team,sports_team,Futagoyama stable (2018),Japan,,,0,4
Q1019252,GNOME Chess,GNOME graphical front-end for playing chess | bucket: video_game,video_game,GNOME Chess,,2000-01-01,,0,4
Q494713,GNU Chess,"chess-playing program for playing chess against the computer on a terminal or, more commonly, as a chess engine for graphical chess front-ends | bucket: video_game",video_game,GNU Chess,United States,1984-01-01,,0,4
Q26512,GW Shimano-Sidermec,Italian UCI Professional Continental cycling team | bucket: sports_team,sports_team,GW Erco Shimano,Italy; Venezuela; Colombia,1996-01-01,,0,4
Q852851,Gal Circle,Japanese TV series or program | bucket: tv_series,tv_series,Gal Circle,Japan,2006-04-15,2006-06-24,0,4
Q5517860,Galaga 30th Collection,video game compilation | bucket: video_game,video_game,Galaga 30th Collection,,2011-07-23,2011-07-23,0,4
Q890,Gangnam Style,2012 single by Psy | bucket: musical_work,musical_work,Gangnam Style,,2012-07-15,2012-07-15,0,4
Q5526250,Garzey's Wing,original video animation | bucket: film,film,Garzey's Wing,Japan,,,0,4
Q5526957,Gatchaman,original video animation | bucket: film,film,Gatchaman (OVA),Japan,,,0,4
Q203937,"Gaudeamus igitur, iuvenes dum sumus",commercium song | bucket: musical_work,musical_work,Gaudeamus igitur,,1287-01-01,1287-01-01,0,4
Q5529394,Gdleen,Japanese light novel series | bucket: film,film,Gdleen,Japan,1989-01-01,1989-01-01,0,4
Q644781,Gekiganger III,original video animation | bucket: film,film,Gekiganger III,Japan,,,0,4
Q154194,Generation Kill,seven-part miniseries on Iraq war | bucket: tv_series,tv_series,Generation Kill (miniseries),United States; United Kingdom,2008-01-01,2008-08-24,0,4
Q5532842,Genesis of Aquarion,2007 original video animation | bucket: film,film,Genesis of Aquarion (OVA),Japan,2007-01-01,2007-01-01,0,4
Q1502196,Gengen Wer,celestial goose god in Egyptian mythology | bucket: fictional_character,fictional_character,Gengen-Wer,,,,0,4
Q840477,Geox-TMC,cycling team (2004-2011) | bucket: sports_team,sports_team,Saunier Duval–Prodir,Spain,2004-01-01,2011-01-01,0,4
Q562673,Germany at the 2002 FIFA World Cup,bucket: sports_team,sports_team,Germany at the 2002 FIFA World Cup,Germany,2002-01-01,2002-01-01,0,4
Q939587,Gestalt,manga | bucket: film,film,Gestalt (manga),,,,0,4
Q41366,Getroud met rugby,South African television series | bucket: tv_series,tv_series,Getroud met rugby,South Africa,2009-04-07,2012-07-01,0,4
Q13057795,Ghatu (song),Folk song of Bangladesh | bucket: musical_work,musical_work,Ghatu (song),Bangladesh,,,0,4
Q1083746,Ghost Talker's Daydream,shonen manga series directed by Osamu Sekita | bucket: film,film,Ghost Talker's Daydream,Japan,,,0,4
Q23072,Ghosts 'n' Stuff,2008 song by deadmau5 and Rob Swire | bucket: musical_work,musical_work,Ghosts 'n' Stuff,,2008-11-25,2008-11-25,0,4
Q2663804,Gilad Erdan,Israeli politician and diplomat | bucket: human,human,Gilad Erdan,Israel,1970-09-30,,0,4
Q4385636,Gill,playable Street Fighter character | bucket: fictional_character,fictional_character,Gill (Street Fighter),,,,0,4
Q264286,Girl Gone Wild,2012 single by Madonna | bucket: musical_work,musical_work,Girl Gone Wild,United States,2012-03-01,2012-03-01,0,4
Q5564408,Girl Next Door,2000 eroge and OVA | bucket: film,film,Girl Next Door (anime),Japan,2000-01-01,2000-01-01,0,4
Q3676,Girls,2004 song by The Prodigy | bucket: musical_work,musical_work,Girls (The Prodigy song),,2004-08-30,2004-08-30,0,4
Q19983,Given Up,2008 single by Linkin Park | bucket: musical_work,musical_work,Given Up,United States,2008-03-03,2008-03-03,0,4
Q5576061,God of War Collection,video game compilation | bucket: video_game,video_game,God of War video game collections,United States,2009-11-17,2012-08-28,0,4
Q123698932,God of War Ragnarök: Valhalla,DLC for God of War Ragnarök | bucket: video_game,video_game,God of War Ragnarök: Valhalla,,,,0,4
Q313300,Goh Chok Tong,2nd Prime Minister of Singapore from 1990 to 2004 | bucket: human,human,Goh Chok Tong,Singapore,1941-05-20,,0,4
Q284689,Goin' In,single | bucket: musical_work,musical_work,Goin' In,United States,2012-06-08,2012-06-08,0,4
Q977327,Goku Midnight Eye,Japanese manga series | bucket: film,film,Goku Midnight Eye,Japan,,,0,4
Q14716,Goldfinger,theme song of the James Bond film | bucket: musical_work,musical_work,Goldfinger (Shirley Bassey song),United States,1964-01-01,1964-01-01,0,4
Q626942,Good Luck!!,2003 Japanese drama television program | bucket: tv_series,tv_series,Good Luck!!,Japan,2003-01-19,2003-03-23,0,4
Q165177,Great Britons,television programme | bucket: tv_series,tv_series,Great Britons,United Kingdom,,,0,4
Q738678,Green Vs. Red,2008 original video animation directed by Shigeyuki Miya | bucket: film,film,Green vs. Red,Japan,2008-04-02,2008-04-02,0,4
Q478227,Greg Hands,British politician (born 1965) | bucket: human,human,Greg Hands,United States; United Kingdom,1965-11-14,,0,4
Q2748,Grimm,American fantasy police procedural drama TV series | bucket: tv_series,tv_series,Grimm (TV series),United States,2011-10-28,2017-03-31,0,4
Q766949,Groupama-FDJ United,cycling team (1997-) | bucket: sports_team,sports_team,Groupama–FDJ United,France,1997-01-01,,0,4
Q5611847,Grrl Power,2004 original video animation | bucket: film,film,Grrl Power,Japan,2004-01-01,2004-01-01,0,4
Q715162,Guan Yin,Chinese name of the bodhisattva Avalokiteśvara | bucket: fictional_character,fictional_character,Guanyin,,,,0,4
Q313994,Guillaume Kigbafori Soro,Ivorian politician | bucket: human,human,Guillaume Soro,Ivory Coast,1972-05-08,,0,4
Q5619539,Gunvari Collection + Time Crisis,bucket: video_game,video_game,Gunvari Collection + Time Crisis,,2002-12-12,2002-12-12,0,4
Q171420,HRT Formula One Team,Formula 1 Team | bucket: sports_team,sports_team,HRT Formula 1 Team,Spain,,,0,4
Q1418467,Ha,god of the deserts to the west of Egypt | bucket: fictional_character,fictional_character,Ha (mythology),,,,0,4
Q841711,Hades Project Zeorymer,manga | bucket: film,film,Hades Project Zeorymer,Japan,,,0,4
Q64743917,Hakeem Muri-Okunola,Head of service of Lagos state civil service | bucket: human,human,Hakeem Muri-Okunola,,1972-01-07,,0,4
Q5640535,Hakkaku stable,Organization of sumo wrestlers | bucket: sports_team,sports_team,Hakkaku stable,Japan,,,0,4
Q2719607,Hammerhead,fictional supervillain (Marvel) | bucket: fictional_character,fictional_character,Hammerhead (character),United States,,,0,4
Q1093054,Hana Yori Dango Returns,Japanese television series | bucket: tv_series,tv_series,Boys Over Flowers 2,Japan,2007-01-01,2007-03-16,0,4
Q5646854,Hanakago stable,bucket: sports_team,sports_team,Hanakago stable (1992),Japan,,,0,4
Q5646930,Hanaregoma stable,Organization of sumo wrestlers | bucket: sports_team,sports_team,Hanaregoma stable (2021),Japan,,,0,4
Q1135584,Hanazakari no Kimitachi e,2011 Japanese Television drama | bucket: tv_series,tv_series,Hanazakari no Kimitachi e (2011 TV series),Japan,2011-07-10,2011-09-18,0,4
Q15983260,Hanif Abbasi,Pakistani politician and businessman | bucket: human,human,Hanif Abbasi,Pakistan,1966-01-04,,0,4
Q67597,Hans Ehard,German politician (1887–1980) | bucket: human,human,Hans Ehard,Germany,1887-11-10,1980-10-18,0,4
Q1141220,Hapy (Son of Horus),Egyptian deity | bucket: fictional_character,fictional_character,Hapi (Son of Horus),Ancient Egypt,,,0,4
Q440938,Harper's Island,TV series | bucket: tv_series,tv_series,Harper's Island,United States,2009-04-09,2009-07-11,0,4
Q864362,Harukanaru Toki no Naka de 3,2004 video game | bucket: film,film,Harukanaru Toki no Naka de 3,Japan,2004-12-22,2006-03-23,0,4
Q133343,Hathor,major goddess in ancient Egyptian religion | bucket: fictional_character,fictional_character,Hathor,,,,0,4
Q2310356,Hauron,Canaanite-Egyptian deity | bucket: fictional_character,fictional_character,Hauron,,,,0,4
Q275796,Have You Ever Needed Someone So Bad,single | bucket: musical_work,musical_work,Have You Ever Needed Someone So Bad,,1992-09-01,1992-09-01,0,4
Q70721,Heartland with John Kasich,television series | bucket: tv_series,tv_series,Heartland with John Kasich,United States,2001-01-01,,0,4
Q131575,Hecate,Greek goddess | bucket: fictional_character,fictional_character,Hecate,,,,0,4
Q1126848,Heh,ancient Egyptian deity | bucket: fictional_character,fictional_character,Heh (god),,,,0,4
Q263436,"Help Me, Rhonda",single by The Beach Boys | bucket: musical_work,musical_work,"Help Me, Rhonda",United States,1965-04-05,1965-04-05,0,4
Q1518117,Hemsut,minor Egyptian deities | bucket: fictional_character,fictional_character,Hemsut,,,,0,4
Q329093,Henri 4,2010 film by Jo Baier | bucket: tv_series,tv_series,Henri 4 (film),Spain; Austria; France; Germany; Czech Republic,2010-01-01,2012-11-15,0,4
Q335791,Herbert Morrison,British Labour politician (1888-1965) | bucket: human,human,Herbert Morrison,United Kingdom; United Kingdom of Great Britain and Ireland,1888-01-03,1965-03-06,0,4
Q12072950,Hershel W. Williams,U.S. Marine Corps Medal of Honor recipient (1923–2022) | bucket: human,human,Hershel W. Williams,United States,1923-10-02,2022-06-29,0,4
Q939129,Heryshaf,Egyptian deity | bucket: fictional_character,fictional_character,Heryshaf,,,,0,4
Q1035843,Hesat,ancient Egyptian goddess | bucket: fictional_character,fictional_character,Hesat,,,,0,4
Q171596,Hesketh Racing,F1 Racing Team | bucket: sports_team,sports_team,Hesketh Racing,United Kingdom,,,0,4
Q281085,Hey Ya!,2003 song by OutKast | bucket: musical_work,musical_work,Hey Ya!,United States,2003-08-25,2003-08-25,0,4
Q11594515,Hidenoyama stable,stable of sumo wrestlers | bucket: sports_team,sports_team,Hidenoyama stable,Japan,,,0,4
Q3135322,Higanjima,"manga series, live action films, and TV dramas | bucket: tv_series",tv_series,Higanjima,Japan,2010-01-01,2010-01-01,0,4
Q38599373,History of the World,1997 video board game | bucket: video_game,video_game,History of the World (video game),United States,1997-01-01,1997-01-01,0,4
Q2517086,Holly Short,character of the Artemis Fowl novel series by Eoin Colfer | bucket: fictional_character,fictional_character,Holly Short,,1920-01-01,,0,4
Q796293,Holowesko-Citadel-Hincapie Sportswear,cycling team | bucket: sports_team,sports_team,Hincapie–Leomo p/b BMC,United States,2008-01-01,2020-01-01,0,4
Q5885696,Holy Knight,Japanese manga | bucket: film,film,Holy Knight,,2012-01-01,2012-01-01,0,4
Q171342,Honda F1,auto racing team | bucket: sports_team,sports_team,Honda Racing F1 Team,Japan,,,0,4
Q279657,Horehronie,song by Kristína Peláková | bucket: musical_work,musical_work,Horehronie (song),,2010-03-10,2010-03-10,0,4
Q5908070,Hoshizora Kiseki,2006 original video animation directed by Akio Watanabe and Toshikazu Matsubara | bucket: film,film,Hoshizora Kiseki,Japan,2006-06-21,2006-06-21,0,4
Q71897,Hotel 13,German television series | bucket: tv_series,tv_series,Hotel 13,Belgium; Germany,2012-09-03,2014-03-28,0,4
Q21127,How to Love,song by Lil Wayne | bucket: musical_work,musical_work,How to Love,United States,2011-05-26,2011-05-26,0,4
Q74763,Human Powered Health,United States men's cycling team | bucket: sports_team,sports_team,Human Powered Health (men's team),United States,2007-01-01,2023-01-01,0,4
Q1105867,Hungry!,Japanese TV series or program | bucket: tv_series,tv_series,Hungry!,Japan,2012-01-01,,0,4
Q5957645,Hyper Speed GranDoll,original video animation | bucket: film,film,Hyper Speed GranDoll,Japan,,,0,4
Q726889,I Am Mine,single | bucket: musical_work,musical_work,I Am Mine,United States,2002-10-08,2002-10-08,0,4
Q263957,I Can Transform Ya,single by Chris Brown featuring Lil Wayne and Swizz Beatz | bucket: musical_work,musical_work,I Can Transform Ya,United States,2009-09-29,2009-09-29,0,4
Q21096,I Don't Give a Fuck,1991 song by Tupac Shakur | bucket: musical_work,musical_work,I Don't Give a Fuck,United States,2002-01-01,2002-01-01,0,4
Q2619074,I Dream of Mimi,Japanese manga series | bucket: film,film,I Dream of Mimi,Japan,,,0,4
Q276585,I Knew You Were Trouble,song by Taylor Swift | bucket: musical_work,musical_work,I Knew You Were Trouble,United States,2012-11-01,2012-11-01,0,4
Q726809,I Wonder If Heaven Got a Ghetto,1997 posthumous single by 2Pac | bucket: musical_work,musical_work,I Wonder If Heaven Got a Ghetto,,1997-09-21,1997-09-21,0,4
Q726628,I treni di Tozeur,song | bucket: musical_work,musical_work,I treni di Tozeur,,1984-01-01,1984-01-01,0,4
Q21106,I'll Be in the Sky,song by B.o.B | bucket: musical_work,musical_work,I'll Be in the Sky,United States,2011-01-31,2011-01-31,0,4
Q5965774,I'll CKBC,original video animation | bucket: film,film,I'll CKBC,Japan,,,0,4
Q135096,"I, Claudius",1976 TV miniseries | bucket: tv_series,tv_series,"I, Claudius (TV series)",United Kingdom,1976-09-20,1976-12-06,0,4
Q877212,ICE,2007 original video animation | bucket: film,film,Ice (anime),Japan,2007-01-01,2007-01-01,0,4
Q946657,Iah,Egyptian moon god | bucket: fictional_character,fictional_character,Iah,,,,0,4
Q152880,Iannis Xenakis,"Greek-French composer, architect and engineer (1922–2001) | bucket: human",human,Iannis Xenakis,Greece; France,1922-05-29,2001-02-04,0,4
Q130336967,Ich bin ein Musikante,German folksong | bucket: musical_work,musical_work,Ich bin ein Musikante,,,,0,4
Q602932,Ichigeki Sacchu!! HoiHoi-san,video game | bucket: film,film,Ichigeki Sacchu!! HoiHoi-san,Japan,,,0,4
Q12530,Idols,Finnish reality-television singing competition | bucket: tv_series,tv_series,Idols (Finnish TV series),Finland,2003-09-26,2018-11-30,0,4
Q3148110,Iftekhar Ahmed Chowdhury,Bangladeshi diplomat | bucket: human,human,Iftekhar Ahmed Chowdhury,,1946-01-01,,0,4
Q1051726,Ihy,Egyptian god | bucket: fictional_character,fictional_character,Ihy,,,,0,4
Q5995130,Ijaz Ahmed Shah,politician in Pakistan | bucket: human,human,Ijaz Ahmed Shah,Pakistan,1954-01-01,,0,4
Q131171,Imhotep,"Egyptian polymath, later revered as a god | bucket: fictional_character",fictional_character,Imhotep,Ancient Egypt,-2800-01-01,-2700-01-01,0,4
Q1128502,Imsety,Egyptian deity | bucket: fictional_character,fictional_character,Imset,,,,0,4
Q451171,In the Beginning,2000 film directed by Kevin Connor | bucket: tv_series,tv_series,In the Beginning (miniseries),United States,2000-01-01,2000-11-13,0,4
Q20003,In the End,2001 single by Linkin Park | bucket: musical_work,musical_work,In the End,United States,2001-10-01,2001-10-01,0,4
Q6024495,Indie Royale,Indie game distributor website | bucket: video_game,video_game,Indie Royale,,,,0,4
Q160609,Innocent IV,pope of the Catholic Church from 1243 to 1254 | bucket: human,human,Pope Innocent IV,Republic of Genoa,http://www.wikidata.org/.well-known/genid/6658ff3306966bb26674ea7e3baed814,1254-12-21,0,4
Q2759319,Innocent Love,Japanese television series | bucket: tv_series,tv_series,Innocent Love (TV series),Japan,2008-10-20,2008-12-22,0,4
Q257156,Inonge Mbikusita-Lewanika,Zambian diplomat | bucket: human,human,Inonge Mbikusita-Lewanika,Zambia,1943-07-10,,0,4
Q2267797,Insurgency: Modern Infantry Combat,"multiplayer, tactical first-person shooter video game | bucket: video_game",video_game,Insurgency: Modern Infantry Combat,,2007-07-01,2007-07-01,0,4
Q2514657,Intellivision Lives!,1998 video compilation of over 60 Intellivision video games | bucket: video_game,video_game,Intellivision Lives!,United States,1998-12-18,1998-12-18,0,4
Q135682,Intermarché-Wanty,Belgian cycling team | bucket: sports_team,sports_team,Intermarché–Wanty,Belgium,2008-01-01,2025-01-01,0,4
Q16995030,Internet Diplomacy,"online implementations of Diplomacy, the strategic board game | bucket: video_game",video_game,Internet Diplomacy,,,,0,4
Q1107020,Inu o Kau to Iu Koto,Japanese television series | bucket: tv_series,tv_series,Inu o Kau to Iu Koto,Japan,2011-04-15,2011-06-10,0,4
Q426252,Iria: Zeiram the Animation,original video animation | bucket: film,film,Iria: Zeiram the Animation,Japan,1994-06-23,1994-11-21,0,4
Q6072869,Iron Virgin Jun,Japanese manga | bucket: film,film,Iron Virgin Jun,,,,0,4
Q16920,Iroppoi Jirettai,2005 single by Morning Musume | bucket: musical_work,musical_work,Iroppoi Jirettai,,2005-07-27,2005-07-27,0,4
Q11378930,Isegahama stable,stable of sumo wrestlers | bucket: sports_team,sports_team,Isegahama stable (2007),Japan,,,0,4
Q6079709,Isenoumi stable,heya (or stable) of sumo wrestlers | bucket: sports_team,sports_team,Isenoumi stable,Japan,,,0,4
Q79876,Isis,Egyptian deity | bucket: fictional_character,fictional_character,Isis,,,,0,4
Q1413385,Iunit,"ancient Egyptian goddess, wife of the god Mentu | bucket: fictional_character",fictional_character,Iunit,,,,0,4
Q1421762,Iusaaset,mythical character | bucket: fictional_character,fictional_character,Iusaaset,,,,0,4
Q6102474,Izutsu stable,bucket: sports_team,sports_team,Izutsu stable,Japan,,,0,4
Q1149954,J.A.K.Q. Dengekitai,television series | bucket: tv_series,tv_series,J.A.K.Q. Dengekitai,Japan,1977-04-09,1977-12-24,0,4
Q335552,Jack Dorsey,American software entrepreneur and co-founder of Twitter | bucket: human,human,Jack Dorsey,United States,1976-11-19,,0,4
Q466062,Jack Holborn,television series | bucket: tv_series,tv_series,Jack Holborn,Germany,1982-12-21,1982-01-01,0,4
Q6138903,James Marape,Papua New Guinea politician | bucket: human,human,James Marape,Papua New Guinea,1971-04-24,,0,4
Q264337,James Wharton,British politician (born 1984) | bucket: human,human,"James Wharton, Baron Wharton of Yarm",United Kingdom,1984-02-16,,0,4
Q6148143,Jampack,demo series from Sony under its PlayStation Underground brand | bucket: video_game,video_game,Jampack,,,,0,4
Q269252,Janet Megamix 04,2003 single by Janet Jackson | bucket: musical_work,musical_work,Janet Megamix 04,,2003-12-11,2003-12-11,0,4
Q106706,Jeff Goldblum,American actor and musician | bucket: human,human,Jeff Goldblum,United States,1952-10-22,,0,4
Q470572,Jesus of Nazareth,"1977 television biopic and religious miniseries directed by Franco Zeffirelli, and 1978 movie film by Franco Zeffirelli | bucket: tv_series",tv_series,Jesus of Nazareth (TV series),Italy; United Kingdom,1977-01-01,1977-04-24,0,4
Q524554,Jet Jaguar,humanoid robot from the Godzilla film series | bucket: fictional_character,fictional_character,Jet Jaguar,,,,0,4
Q6189444,Jewel BEM Hunter Lime,3-episode OVA released between 1996 and 1997 | bucket: film,film,Jewel BEM Hunter Lime,Japan,,,0,4
Q114837811,Jimmy's Vendetta,Mafia II DLC | bucket: video_game,video_game,Jimmy's Vendetta,Czech Republic,2010-09-07,2010-09-07,0,4
Q6204056,JoJo's Bizarre Adventure,1993–2002 original video animation | bucket: film,film,JoJo's Bizarre Adventure (OVA),Japan,1993-01-01,2002-10-25,0,4
Q6213149,Joe vs. Joe,2003 original video animation | bucket: film,film,Joe vs. Joe,Japan,2003-01-01,2003-01-01,0,4
Q87680,Johannes Baptista Sproll,German bishop (1870-1949) | bucket: human,human,Joannes Baptista Sproll,Germany,1870-10-02,1949-03-04,0,4
Q1640072,John Treadwell Nichols,American ichthyologist and ornithologist (1883-1958) | bucket: human,human,John Treadwell Nichols,United States,1883-06-11,1958-11-10,0,4
Q172916,John XXI,pope (1276-1277) | bucket: human,human,Pope John XXI,Kingdom of Portugal,1215-01-01,1277-05-27,0,4
Q171367,Jordan Grand Prix,Irish auto racing team | bucket: sports_team,sports_team,Jordan Grand Prix,United Kingdom,1991-01-01,,0,4
Q6290564,Josiah Martin,"governor of North Carolina from 1771 to 1776, and in exile until 1783 | bucket: human",human,Josiah Martin,Kingdom of Great Britain,1737-04-23,1786-04-13,0,4
Q332058,José Antonio Pavón,Spanish botanist (1754-1840) | bucket: human,human,José Antonio Pavón Jiménez,Spain,1754-04-22,1840-03-13,0,4
Q145881,Juan Ponce Enrile,"Filipino politician, senator and former military chief; Member of the Senate of the Philippines from 1987-1992; 1995-2001; 2004 to 2016 | bucket: human",human,Juan Ponce Enrile,Philippines,1924-02-14,2025-11-13,0,4
Q51596024,Judy McGregor,"New Zealand lawyer, journalist, public servant and academic | bucket: human",human,Judy McGregor,New Zealand,1948-03-17,,0,4
Q2720164,Jun Kazama,fictional character from Tekken | bucket: fictional_character,fictional_character,Jun Kazama,,,,0,4
Q21097,Just Don't Give a Fuck,1998 single by Eminem | bucket: musical_work,musical_work,Just Don't Give a Fuck,United States,1998-10-13,1998-10-13,0,4
Q272288,Justin Tomlinson,British politician (born 1976) | bucket: human,human,Justin Tomlinson,United Kingdom,1976-11-05,,0,4
Q2604192,K-9 and Company,1981 pilot episode of a proposed Doctor Who spin-off series | bucket: film,film,K-9 and Company,United Kingdom,1981-12-28,1981-12-28,0,4
Q577692,Kaiku,cycling team | bucket: sports_team,sports_team,Kaiku,Spain,2005-01-01,2006-01-01,0,4
Q1049233,Kamen Rider Kuuga,bucket: tv_series,tv_series,Kamen Rider Kuuga (character),Japan,,,0,4
Q585299,Kasper crypto4me,Czech cycling team | bucket: sports_team,sports_team,Kasper Crypto4me,Czech Republic,2000-01-01,,0,4
Q6374881,Kasugano stable,"sumo school in Ryōgoku, Tokyo, Japan | bucket: sports_team",sports_team,Kasugano stable,Japan,,,0,4
Q6374884,Kasugayama stable,Sumo stable merged in 2017 | bucket: sports_team,sports_team,Kasugayama stable,Japan,2016-01-01,2016-01-01,0,4
Q262835,Kataomoi Finally,2012 single by SKE48 | bucket: musical_work,musical_work,Kataomoi Finally,,2012-01-25,2012-01-25,0,4
Q6375117,Kataonami Stable,Stable of sumo wrestlers | bucket: sports_team,sports_team,Kataonami stable,Japan,,,0,4
Q847200,Katusha-Alpecin,Russian road bicycle racing team | bucket: sports_team,sports_team,Katusha–Alpecin,Switzerland; Russia,2009-01-01,2019-01-01,0,4
Q172541,Kauhsen,Formula One team | bucket: sports_team,sports_team,Kauhsen,Germany,,,0,4
Q1353960,Kebehet,mythical character | bucket: fictional_character,fictional_character,Kebechet,,,,0,4
Q1073239,Kekkon Dekinai Otoko,Japanese TV series or program | bucket: tv_series,tv_series,Kekkon Dekinai Otoko,Japan,2006-07-04,2006-09-19,0,4
Q15506789,Kelechi Iheanacho,Nigerian association football player | bucket: human,human,Kelechi Iheanacho,Nigeria,1996-10-03,,0,4
Q20055581,Kelly Tolhurst,British politician (born 1978) | bucket: human,human,Kelly Tolhurst,United Kingdom,1978-08-23,,0,4
Q724255,Kenna,American singer | bucket: human,human,Kenna,United States; Ethiopia,1978-01-01,,0,4
Q1013851,Key the Metal Idol,1994 original video animation anime series directed by Hiroaki Sato | bucket: film,film,Key the Metal Idol,Japan,1994-12-16,1994-12-16,0,4
Q1536115,Khensit,Egyptian deity | bucket: fictional_character,fictional_character,Khensit,,,,0,4
Q183097,Khnum,god of creation and the waters in Egyptian mythology | bucket: fictional_character,fictional_character,Khnum,,,,0,4
Q6409723,Kimagure Robot,2004 original video animation | bucket: film,film,Kimagure Robot,Japan,2004-01-01,2004-01-01,0,4
Q2785011,Kirby's Dream Collection,video game compilation | bucket: video_game,video_game,Kirby's Dream Collection,,2012-07-19,2012-07-19,0,4
Q4143705,Kirill Gorbunov,Russian painter (1822-1893) | bucket: human,human,Kirill Gorbunov,Russian Empire,1822-01-01,1893-11-20,0,4
Q6415360,Kiriyama stable,Japanese sumo stable | bucket: sports_team,sports_team,Kiriyama stable,Japan,,,0,4
Q6416442,Kise stable,Organization of sumo wrestlers | bucket: sports_team,sports_team,Kise stable (2003),Japan,,,0,4
Q14047,Kissin U,pop rock single by Miranda Cosgrove | bucket: musical_work,musical_work,Kissin U,United States,2010-03-22,2010-03-22,0,4
Q268027,Kitty Kat,2006 song by Beyoncé | bucket: musical_work,musical_work,Kitty Kat (song),United States,2006-01-01,2006-01-01,0,4
Q369065,Knights of Ramune,original video animation | bucket: film,film,Knights of Ramune,Japan,,,0,4
Q172465,Kojima Engineering,automobile manufacturer | bucket: sports_team,sports_team,Kojima Engineering,Japan,,,0,4
Q6426776,Kokonoe stable,stable of sumo wrestlers | bucket: sports_team,sports_team,Kokonoe stable,Japan,,,0,4
Q3198440,Kolanthes,Egyptian deity | bucket: fictional_character,fictional_character,Kolanthes,,,,0,4
Q6144326,Konami Arcade Classics,1998 video game | bucket: video_game,video_game,Konami 80's Arcade Gallery,Japan,1999-05-13,1999-05-13,0,4
Q12283505,Konstantin,Bulgarian singer | bucket: human,human,Konstantin (singer),Bulgaria,1976-07-17,,0,4
Q4250192,Krymbek Kusherbayev,Kazakhstani politician | bucket: human,human,Krymbek Kusherbayev,Kazakhstan,1955-05-20,,0,4
Q20985233,Kumai Bayang Akaahs,"Nigerian jurist, Supreme Court justice | bucket: human",human,Kumai Bayang Akaahs,Nigeria,1949-12-12,,0,4
Q487852,Kuttsukiboshi,2010 original video animation | bucket: film,film,Kuttsukiboshi,Japan,2010-01-01,2010-01-01,0,4
Q604687,Kṣitigarbha,bodhisattva | bucket: fictional_character,fictional_character,Kṣitigarbha,,,,0,4
Q788828,LPR,cycling team | bucket: sports_team,sports_team,LPR (cycling team),Ireland; Switzerland,2004-01-01,2009-01-01,0,4
Q1469717,La donna è mobile,aria from the opera Rigoletto by Giuseppe Verdi | bucket: musical_work,musical_work,La donna è mobile,,,,0,4
Q1105802,Lagrange: The Flower of Rin-ne,Japanese anime television series | bucket: film,film,Lagrange: The Flower of Rin-ne,Japan,,,0,4
Q6481091,LambdaMOO,text based online virtual world | bucket: video_game,video_game,LambdaMOO,United States,1990-01-01,1990-01-01,0,4
Q172958,Larrousse,F1 team | bucket: sports_team,sports_team,Larrousse,France,,,0,4
Q1130642,Laurana Kanan,fictional character from Dragonlance | bucket: fictional_character,fictional_character,Laurana Kanan,,,,0,4
Q47441,Le cœur a ses raisons,French language Québécois téléroman | bucket: tv_series,tv_series,Le cœur a ses raisons,Canada,2005-02-03,2007-12-03,0,4
Q19984,Leave Out All the Rest,2008 single by Linkin Park | bucket: musical_work,musical_work,Leave Out All the Rest,United States,2008-07-14,2008-07-14,0,4
Q23056,Leave The World Behind,"2009 single by Axwell, Sebastian Ingrosso, Steve Angello and Laidback Luke | bucket: musical_work",musical_work,Leave the World Behind (song),,2009-04-01,2009-04-01,0,4
Q2699007,Legend of Heavenly Sphere Shurato,Japanese manga series | bucket: film,film,Legend of Heavenly Sphere Shurato,Japan,,,0,4
Q382828,Legend of Lemnear,Japanese OVA | bucket: film,film,Legend of Lemnear,Japan,1989-08-25,1989-08-25,0,4
Q117304813,Lego 2K Drive,2023 video game developed by Visual Concepts | bucket: video_game,video_game,Lego 2K Drive,United States,2023-05-19,2023-05-19,0,4
Q3192,Let's Go,2012 song by Scottish disc jockey Calvin Harris | bucket: musical_work,musical_work,Let's Go (Calvin Harris song),United States,2012-03-30,2012-03-30,0,4
Q16932658,Liberty Bell,1894 slot machine | bucket: video_game,video_game,Liberty Bell (game),,,,0,4
Q19831807,Lichess,chess online server | bucket: video_game,video_game,Lichess,France,2010-06-20,,0,4
Q171972,Life Racing Engines,sports organization | bucket: sports_team,sports_team,Life Racing Engines,Italy,1990-01-01,1990-01-01,0,4
Q283316,Lighters,2011 single by Bad Meets Evil | bucket: musical_work,musical_work,Lighters (song),United States,2011-07-01,2011-07-01,0,4
Q16595821,Lilly Maxwell,Scottish suffragist | bucket: human,human,Lilly Maxwell,Kingdom of Great Britain; United Kingdom of Great Britain and Ireland,1800-01-01,1876-10-24,0,4
Q326299,Lionel Bart,British writer and composer of pop music and musicals | bucket: human,human,Lionel Bart,United Kingdom,1930-08-01,1999-04-03,0,4
Q172857,Lola Cars,British racing car engineering company | bucket: sports_team,sports_team,Lola Cars,United Kingdom,1958-01-01,2012-01-01,0,4
Q115794209,Lords of the Earth,play-by-email game | bucket: video_game,video_game,Lords of the Earth,,1983-01-01,1983-01-01,0,4
Q19992,Lost in the Echo,2012 single by Linkin Park | bucket: musical_work,musical_work,Lost in the Echo,United States,2012-08-03,2012-08-03,0,4
Q715612,Love Generation,1997 Japanese television series | bucket: tv_series,tv_series,Love Generation (TV series),Japan,1997-10-13,1997-12-22,0,4
Q726638,Love at First Sight,2002 song by Kylie Minogue | bucket: musical_work,musical_work,Love at First Sight (Kylie Minogue song),,2002-06-10,2002-06-10,0,4
Q264859,Loverboy,2001 single by Mariah Carey | bucket: musical_work,musical_work,Loverboy (Mariah Carey song),United States,2001-07-16,2001-07-16,0,4
Q872103,Lucky Seven,"2012 Japanese television drama broadcast by Fuji Television from January 16 to March 19, 2012 | bucket: tv_series",tv_series,Lucky Seven (TV series),Japan,2012-01-16,2012-03-19,0,4
Q1074132,Lunch no Joō,2002 Japanese drama series | bucket: tv_series,tv_series,The Queen of Lunchtime Cuisine,Japan,2002-07-01,2002-09-16,0,4
Q276614,Luv Your Life,2002 single by Silverchair | bucket: musical_work,musical_work,Luv Your Life,,2002-09-02,2002-09-02,0,4
Q19977,Lying from You,2004 song by Linkin Park | bucket: musical_work,musical_work,Lying from You,United States,2004-01-01,2004-01-01,0,4
Q6714096,MAD,multi-user dungeon based in France | bucket: video_game,video_game,MAD (MUD),France,,,0,4
Q451975,MD Geist,1986 original video animation | bucket: film,film,M.D. Geist,Japan,1986-01-01,1986-01-01,0,4
Q6716239,MIST,text-based virtual world started in 1986 | bucket: video_game,video_game,MIST (MUD),,1986-01-01,1986-01-01,0,4
Q6719039,MUD1,text-based virtual world started in 1978 | bucket: video_game,video_game,MUD1,United Kingdom,1978-01-01,1978-01-01,0,4
Q6729615,Magaki Stable,Japanese sumo stable | bucket: sports_team,sports_team,Magaki stable,Japan,,,0,4
Q108583,Magnoald Ziegelbauer,German church historian | bucket: human,human,Magnoald Ziegelbauer,Germany,1688-10-05,1750-06-14,0,4
Q915141,Mahāmāyūrī,Bodhisattva and Wisdom Queen | bucket: fictional_character,fictional_character,Mahamayuri,,,,0,4
Q1465683,Mahāsthāmaprāpta,Bodhisattva mahāsattva | bucket: fictional_character,fictional_character,Mahasthamaprapta,,,,0,4
Q193461,Maitreya,future Buddha in Buddhist eschatology | bucket: fictional_character,fictional_character,Maitreya,,,,0,4
Q23094,Make It Bun Dem,song by Skrillex and Damian Marley | bucket: musical_work,musical_work,Make It Bun Dem,United States,2012-08-28,2012-08-28,0,4
Q172197,Maki Engineering,Formula One team | bucket: sports_team,sports_team,Maki Engineering,Japan,,,0,4
Q299849,Malin Birgerson,Swedish actress | bucket: human,human,Malin Birgerson,Sweden,1968-01-28,,0,4
Q136721776,Mare Gan,traditional religious songs of the Patirabha community of Assam | bucket: musical_work,musical_work,Mare-Gan,India,,,0,4
Q130670,Mare Nostrum,total conversion mod of the 2006 video game Red Orchestra: Ostfront 41-45 | bucket: video_game,video_game,Mare Nostrum (video game),United States,2008-03-01,2008-10-17,0,4
Q85885,Margaret Stonborough-Wittgenstein,Austrian philanthropist (1882-1958) | bucket: human,human,Margaret Stonborough-Wittgenstein,United States; Austria,1882-09-19,1958-09-27,0,4
Q312340,Marian Lupu,Moldovan politician | bucket: human,human,Marian Lupu,Moldova; Soviet Union,1966-06-20,,0,4
Q111307774,Mario Kart 8 Deluxe – Booster Course Pass,2022 downloadable content | bucket: video_game,video_game,Mario Kart 8 Deluxe – Booster Course Pass,Japan,2022-03-18,2022-03-18,0,4
Q105558,Mark Forster,German singer | bucket: human,human,Mark Forster (singer),Germany,1983-01-11,,0,4
Q264685,Marvin the Paranoid Android,robot in The Hitchhiker's Guide to The Galaxy | bucket: fictional_character,fictional_character,Marvin the Paranoid Android,,,,0,4
Q6779980,Mary Karooro Okurut,Ugandan politician and writer | bucket: human,human,Mary Karooro Okurut,Uganda,1954-12-08,2025-08-11,0,4
Q231111,Mary Leakey,British paleoanthropologist (1913-1996) | bucket: human,human,Mary Leakey,United Kingdom,1913-02-06,1996-12-09,0,4
Q17286,Mastermind,board game | bucket: video_game,video_game,Mastermind (board game),,1970-01-01,1970-01-01,0,4
Q477458,Masyu,logic puzzle designed and published by Nikoli | bucket: video_game,video_game,Masyu,,,,0,4
Q231093,Mayim Bialik,"American actress, television personality, and author (born 1975) | bucket: human",human,Mayim Bialik,United States,1975-12-12,,0,4
Q265884,Mazinkaiser,original video animation | bucket: film,film,Mazinkaiser,Japan,,,0,4
Q471696,Mañjuśrī,"bodhisattva in Mahāyāna Buddhism, who represents the transcendent wisdom of the Buddhas | bucket: fictional_character",fictional_character,Manjushri,,,,0,4
Q172030,McLaren,British Formula One team | bucket: sports_team,sports_team,McLaren,United Kingdom,1963-01-01,,0,4
Q745804,Megami Paradise,1994 video game | bucket: film,film,Megami Paradise,Japan,1994-01-01,1994-01-01,0,4
Q260725,Megan Rapinoe,American soccer player | bucket: human,human,Megan Rapinoe,United States,1985-07-05,,0,4
Q2500615,Mehen,Egyptian god | bucket: fictional_character,fictional_character,Mehen,,,,0,4
Q2407159,Meitantei no Okite,Japanese TV series or program | bucket: tv_series,tv_series,Lessons for a Perfect Detective Story,Japan,2009-04-17,2009-06-19,0,4
Q45204,Menhit,Egyptian deity | bucket: fictional_character,fictional_character,Menhit,,,,0,4
Q172721,Mercedes F1 Team,auto racing team | bucket: sports_team,sports_team,Mercedes AMG F1,United Kingdom,1964-01-01,,0,4
Q6820936,Mervyn Storey,British politician (born 1964) | bucket: human,human,Mervyn Storey,United Kingdom,1964-09-04,,0,4
Q172577,Merzario,Italian racing team | bucket: sports_team,sports_team,Merzario,Italy,,,0,4
Q2539933,Metroid Prime: Trilogy,2009 video game compilation | bucket: video_game,video_game,Metroid Prime: Trilogy,United States,2009-08-24,2015-01-29,0,4
Q218630,Michael Dell,American businessman and CEO (born 1965) | bucket: human,human,Michael Dell,United States,1965-02-23,,0,4
Q303085,Michael Ellis,British Conservative party politician (born 1967) | bucket: human,human,Michael Ellis (British politician),United Kingdom,1967-10-13,,0,4
Q6830839,Michael Gunner,Australian politician | bucket: human,human,Michael Gunner,Australia,1976-01-06,,0,4
Q185945,Michalis Chrisochoidis,Greek politician | bucket: human,human,Michalis Chrisochoidis,Greece,1955-10-31,,0,4
Q363392,Michel Aoun,13th President of Lebanon from 2016 to 2022 | bucket: human,human,Michel Aoun,Lebanon,1933-09-30,,0,4
Q323197,Michel Strogoff,1975 French / Italian / German television miniseries | bucket: tv_series,tv_series,Michel Strogoff (miniseries),France; Germany,1975-12-23,1976-01-01,0,4
Q6837908,Michinoku stable,stable of sumo wrestlers | bucket: sports_team,sports_team,Michinoku stable,Japan,,,0,4
Q17041785,Mick Maguire,traditional Irish folk song about courtship | bucket: musical_work,musical_work,Mick Maguire,Ireland,,,0,4
Q6839118,MicroMUSE,1990 video game | bucket: video_game,video_game,MicroMUSE,,1990-01-01,1990-01-01,0,4
Q517199,Microsoft Entertainment Pack,set of video games | bucket: video_game,video_game,Microsoft Entertainment Pack,United States,1989-01-01,1989-01-01,0,4
Q5230176,Midway Arcade Treasures 3,2005 compilation of arcade and racing games | bucket: video_game,video_game,Midway Arcade Treasures 3,United States,2005-09-26,2005-10-24,0,4
Q6845330,Mihogaseki stable,Japanese sumo stable | bucket: sports_team,sports_team,Mihogaseki stable,Japan,,,0,4
Q254385,Mike Chapman,Australian record producer and songwriter | bucket: human,human,Mike Chapman,Australia,1947-04-13,,0,4
Q142381,Minardi,Italian racing team | bucket: sports_team,sports_team,Minardi,Italy,,,0,4
Q6863260,Minato stable,stable of sumo wrestlers | bucket: sports_team,sports_team,Minato stable,Japan,,,0,4
Q126194,Minesweeper,logic puzzle video game genre | bucket: video_game,video_game,Minesweeper (video game),Peru,1989-01-01,1989-01-01,0,4
Q6864593,Minezaki Stable,bucket: sports_team,sports_team,Minezaki stable,Japan,,,0,4
Q267229,Mirror Mirror,1998 Song by Blind Guardian | bucket: musical_work,musical_work,Mirror Mirror (Blind Guardian song),,1998-02-07,1998-02-07,0,4
Q284795,Miss You,2008 single by Yuna Ito | bucket: musical_work,musical_work,Miss You (Yuna Ito song),,2008-09-03,2008-09-03,0,4
Q175915,Mistral's Daughter,1984 American TV miniseries | bucket: tv_series,tv_series,Mistral's Daughter,United States,1984-09-24,1984-09-26,0,4
Q638384,Mitsubishi-Jartazi,cycling team (2004-2008) | bucket: sports_team,sports_team,Mitsubishi–Jartazi,Belgium; Estonia,2004-01-01,2008-01-01,0,4
Q6884198,Miyagino stable,stable of sumo wrestlers | bucket: sports_team,sports_team,Miyagino stable,Japan,,,0,4
Q1067292,Mnevis,ancient Egyptian bull deity | bucket: fictional_character,fictional_character,Mnevis,,,,0,4
Q2755118,Mobile Suit Gundam SEED Astray,Japanese manga series | bucket: film,film,Mobile Suit Gundam SEED Astray,Japan,,,0,4
Q130331650,Mochi Mayhem,epilogue of The Hidden Treasure of Area Zero | bucket: video_game,video_game,Mochi Mayhem,,2024-01-11,2024-01-11,0,4
Q702515,Moeyo Ken,video game | bucket: film,film,Moeyo Ken (anime),,,,0,4
Q6895059,Mojisoluwa Akinfenwa,"Nigerian politician, Senator of Osun East | bucket: human",human,Moji Akinfenwa,Nigeria,1930-01-01,2019-10-10,0,4
Q74558,Monika Dannemann,German figure skater and painter (1945–1996) | bucket: human,human,Monika Dannemann,Germany,1945-06-24,1996-04-05,0,4
Q614393,Monsters,television series | bucket: tv_series,tv_series,Monsters (Japanese TV series),Japan,2012-10-21,2012-12-09,0,4
Q1065959,Moonlight Lady,2000 video game developed by Root | bucket: film,film,Moonlight Lady (anime),Japan,2000-12-22,2005-04-30,0,4
Q961,More Than Life at Stake,Polish television series | bucket: tv_series,tv_series,More Than Life At Stake,Poland; Polish People's Republic,1968-10-10,1968-01-01,0,4
Q265269,More Than a Woman,single by Aaliyah | bucket: musical_work,musical_work,More Than a Woman (Aaliyah song),United States,2001-11-13,2001-11-13,0,4
Q1947693,MorgenGrauen,1992 video game | bucket: video_game,video_game,MorgenGrauen,Germany,1992-01-01,1992-01-01,0,4
Q982259,Mosiuoa Lekota,South African politician | bucket: human,human,Mosiuoa Lekota,South Africa,1948-08-13,2026-03-04,0,4
Q671005,Moteki,television series | bucket: tv_series,tv_series,Moteki,Japan,2010-07-16,2011-09-23,0,4
Q613962,Mother,2010 Japanese Television series | bucket: tv_series,tv_series,Mother (Japanese TV series),Japan,2010-04-14,2010-06-23,0,4
Q26236935,Muhadjir Effendy,Indonesian politician and rector | bucket: human,human,Muhadjir Effendy,Indonesia,1956-07-29,,0,4
Q265656,Multi Theft Auto,modification for the Grand Theft Auto series of video games | bucket: video_game,video_game,Multi Theft Auto,,2006-01-22,2006-01-22,0,4
Q1151768,Munto,Japanese original video animation | bucket: film,film,Munto,Japan,2003-03-18,2003-03-18,0,4
Q5507484,Musashigawa stable,stable of sumo wrestlers | bucket: sports_team,sports_team,Musashigawa stable (2013),Japan,,,0,4
Q29409,Mut,Egyptian deity | bucket: fictional_character,fictional_character,Mut,,,,0,4
Q35023,My Babysitter's a Vampire,2011 Canadian television series | bucket: tv_series,tv_series,My Babysitter's a Vampire (TV series),Canada,2011-02-28,2013-04-11,0,4
Q5280512,My My Mai,Japanese manga series | bucket: film,film,My My Mai,Japan,,,0,4
Q238847,My Yiddishe Momme,song by Jack Yellen and Lew Pollack | bucket: musical_work,musical_work,My Yiddishe Momme,,1925-01-01,1925-01-01,0,4
Q638372,NGC Medical-OTC Industria Porte,cycling team | bucket: sports_team,sports_team,NGC Medical–OTC Industria Porte,Italy; Switzerland,2006-01-01,2008-01-01,0,4
Q262920,Na-NaNa-Na,single | bucket: musical_work,musical_work,Na-NaNa-Na,United States,2005-01-01,2005-01-01,0,4
Q11366049,Nakamura Stable,Japanese sumo stable | bucket: sports_team,sports_team,Nakamura stable (1986–2013),Japan,,,0,4
Q334718,Nasser Mohammed Al-Ahmed Al-Sabah,former Prime Minister of Kuwait 2006-2011 | bucket: human,human,Nasser Al-Mohammed Al-Sabah,Kuwait,1940-12-22,,0,4
Q1966829,Nathi Mthethwa,South African politician (1967–2025) | bucket: human,human,Nathi Mthethwa,South Africa,1967-01-23,2025-09-29,0,4
Q1809475,Natural Selection,2002 video game | bucket: video_game,video_game,Natural Selection (video game),United States,2002-10-31,2002-10-31,0,4
Q19302,Nebethetepet,ancient Egyptian goddess | bucket: fictional_character,fictional_character,Nebethetepet,,,,0,4
Q3337608,Nebtuwi,Egyptian deity | bucket: fictional_character,fictional_character,Nebtuwi,,,,0,4
Q19282,Nehmetawy,ancient Egyptian goddess | bucket: fictional_character,fictional_character,Nehmetawy,Ancient Egypt,,,0,4
Q2057070,Nehrim: At Fate's Edge,2010 video game | bucket: video_game,video_game,Nehrim: At Fate's Edge,Germany,2010-01-01,2010-01-01,0,4
Q145915,Nekhbet,Egyptian deity | bucket: fictional_character,fictional_character,Nekhbet,,,,0,4
Q1069633,Neper,Egyptian god of grain | bucket: fictional_character,fictional_character,Neper (mythology),,,,0,4
Q2725247,Ness,fictional character and the protagonist of EarthBound (Mother 2) | bucket: fictional_character,fictional_character,Ness (EarthBound),,,,0,4
Q19985,New Divide,2009 single by Linkin Park | bucket: musical_work,musical_work,New Divide,United States,2009-05-18,2009-05-18,0,4
Q2615117,New Fist of the North Star,2003 original video animation | bucket: film,film,New Fist of the North Star,Japan,2003-01-01,2003-01-01,0,4
Q39719,New York Undercover,American television sitcom | bucket: tv_series,tv_series,New York Undercover,United States,1994-09-08,1998-06-25,0,4
Q275611,Ni una Sola Palabra,single | bucket: musical_work,musical_work,Ni una Sola Palabra,,2006-01-01,2006-01-01,0,4
Q842468,Night Shift Nurses,video game | bucket: film,film,Night Shift Nurses,Japan,2024-12-16,2024-12-17,0,4
Q282978,Nije ljubav stvar,single | bucket: musical_work,musical_work,Nije ljubav stvar,,2012-01-01,2012-01-01,0,4
Q174957,Nina Simone,"American singer, songwriter and pianist and civil rights activist (1933–2003) | bucket: human",human,Nina Simone,United States,1933-02-21,2003-04-21,0,4
Q7040790,Nishonoseki Stable,Japanese sumo wrestling organization | bucket: sports_team,sports_team,Nishonoseki stable (2021),Japan,,,0,4
Q3088,No Beef,2011 single by Afrojack | bucket: musical_work,musical_work,No Beef,United States,2011-08-22,2011-08-22,0,4
Q890189,No Money,manga | bucket: film,film,No Money (novel),Japan,,,0,4
Q835894,Nonogram,picture logic puzzles in which cells in a grid must be colored or left blank according to numbers at the side of the grid to reveal a hidden picture | bucket: video_game,video_game,Nonogram,,,,0,4
Q23013,Not Giving In,Rudimental song | bucket: musical_work,musical_work,Not Giving In,,2012-11-18,2012-11-18,0,4
Q19973,Numb,2003 single by Linkin Park | bucket: musical_work,musical_work,Numb (Linkin Park song),United States,2002-01-01,2003-09-08,0,4
Q19979,Numb/Encore,2004 single by Jay-Z and Linkin Park | bucket: musical_work,musical_work,Numb/Encore,United States,2004-12-13,2004-12-13,0,4
Q240004,Nurikabe,logic puzzle | bucket: video_game,video_game,Nurikabe (puzzle),,,,0,4
Q278265,Off the Ground,single | bucket: musical_work,musical_work,Off the Ground (song),,1993-02-01,1993-02-01,0,4
Q7080302,Oguruma Stable,defunct sumo stable | bucket: sports_team,sports_team,Oguruma stable,Japan,,,0,4
Q263383,Oh Africa,single | bucket: musical_work,musical_work,Oh Africa,United States,2010-01-31,2010-01-31,0,4
Q1049666,Oh! My Girl!!,Japanese TV series | bucket: tv_series,tv_series,Oh! My Girl!!,Japan,2008-10-14,2008-12-09,0,4
Q7081555,Oitekaze stable,Organization of sumo wrestlers | bucket: sports_team,sports_team,Oitekaze stable,Japan,,,0,4
Q19995,One Step Closer,2000 single by Linkin Park | bucket: musical_work,musical_work,One Step Closer (Linkin Park song),United States,2000-09-28,2000-09-28,0,4
Q699823,One-Pound Gospel,television series | bucket: film,film,One-pound Gospel,Japan,2008-01-12,2008-03-08,0,4
Q172109,Onyx Grand Prix,former Formula One constructor from Britain that competed in the 1989 and 1990 Formula One seasons | bucket: sports_team,sports_team,Onyx Grand Prix,United Kingdom,1978-01-01,,0,4
Q114441175,Orisabunmi,Nigerian actress | bucket: human,human,Orisabunmi,Nigeria,1960-10-10,2021-01-05,0,4
Q2477429,Oromis,fictional character from The Inheritance Cycle | bucket: fictional_character,fictional_character,Oromis,,,,0,4
Q861839,Orthros no Inu,Japanese television series | bucket: tv_series,tv_series,Orthros no Inu,Japan,2009-07-24,2009-09-25,0,4
Q171506,Osella,Italian racing car manufacturer and Formula One team | bucket: sports_team,sports_team,Osella,Italy,,,0,4
Q11497670,Oshiogawa stable (2022),bucket: sports_team,sports_team,Oshiogawa stable,Japan,,,0,4
Q46491,Osiris,god of the afterlife in Egyptian mythology | bucket: fictional_character,fictional_character,Osiris,,,,0,4
Q2119617,Oswald Ottendorfer,Moravian-American journalist (1826-1900) | bucket: human,human,Oswald Ottendorfer,United States,1826-02-12,1900-12-15,0,4
Q709574,Otogi-Jūshi Akazukin,Anime series | bucket: film,film,Otogi-Jūshi Akazukin,Japan,,,0,4
Q76640,Otto Strasser,"German politician, former member of the Nazi Party, rival of Adolf Hitler and founder of the Black Front (1888-1974) | bucket: human",human,Otto Strasser,Germany,1897-09-14,1974-08-27,0,4
Q7110550,Our Alma Mater,bucket: musical_work,musical_work,Our Alma Mater,,,,0,4
Q283888,Our Time,single by Dream | bucket: musical_work,musical_work,Our Time (Dream song),,2001-08-08,2001-08-08,0,4
Q7113518,Over the River and Through the Wood,song based on 1845 poem by Lydia Maria Child | bucket: musical_work,musical_work,Over the River and Through the Wood,,1845-01-01,1846-01-01,0,4
Q15654,Oxygen,2006 song recorded by Marie Serneholt | bucket: musical_work,musical_work,Oxygen (Marie Serneholt song),,2006-10-01,2006-10-01,0,4
Q5947713,Pac-Man & Galaga Dimensions,2011 video game | bucket: video_game,video_game,Pac-Man & Galaga Dimensions,Japan,2011-06-23,2011-06-23,0,4
Q172992,Pacific Racing,British automotive racing team | bucket: sports_team,sports_team,Pacific Racing,United Kingdom,,,0,4
Q266297,Paid My Dues,2001 single by Anastacia | bucket: musical_work,musical_work,Paid My Dues,United States,2001-11-06,2001-11-06,0,4
Q2630214,Pale Cocoon,Japanese original video animation | bucket: film,film,Pale Cocoon,Japan,2006-01-18,2006-01-18,0,4
Q61979,Panasonic Toyota Racing,2002-2009 Formula One team representing Toyota | bucket: sports_team,sports_team,Toyota Racing (Formula One team),,,,0,4
Q2620625,Panzer World Galient,Japanese anime television series | bucket: film,film,Panzer World Galient,Japan,1984-01-01,1986-01-01,0,4
Q962267,Papa to Kiss in the Dark,original video animation | bucket: film,film,Kiss in the Dark (novel),Japan,,,0,4
Q19998,Papercut,2001 single by Linkin Park | bucket: musical_work,musical_work,Papercut (Linkin Park song),United States,2001-06-18,2001-06-18,0,4
Q37850,Paradise Falls,Canadian TV series | bucket: tv_series,tv_series,Paradise Falls,Canada,2001-06-25,2008-09-26,0,4
Q282613,Party for Everybody,2012 song by Buranovskiye Babushki for the Eurovision Song Contest | bucket: musical_work,musical_work,Party for Everybody,Russia,2012-01-01,2012-01-01,0,4
Q16873213,Pascal Nyabenda,Burundian politician | bucket: human,human,Pascal Nyabenda,Burundi,1966-04-12,,0,4
Q116100,Pascale Bruderer,Swiss politician | bucket: human,human,Pascale Bruderer,Switzerland,1977-07-28,,0,4
Q24082,Patrick Jenkin,British Conservative politician (1926-2016) | bucket: human,human,Patrick Jenkin,United Kingdom,1926-09-07,2016-12-20,0,4
Q238754,Pavel Grachev,Russian general | bucket: human,human,Pavel Grachev,Russia,1948-01-01,2012-09-23,0,4
Q38101,Pavitra Rishta,Indian television series | bucket: tv_series,tv_series,Pavitra Rishta,India,2009-06-01,2014-10-24,0,4
Q804125,Payazzo,traditional Finnish gambling arcade game | bucket: video_game,video_game,Payazzo,,,,0,4
Q2680204,Payback,1999 episode of Law & Order: Special Victims Unit directed by Jean de Segonzac | bucket: film,film,Payback (Law & Order: Special Victims Unit),,1999-09-20,1999-09-20,0,4
Q66381168,Pedro Brolo,Guatemalan economist | bucket: human,human,Pedro Brolo,Spain; Guatemala,1981-02-03,,0,4
Q3898973,Pelor,bucket: fictional_character,fictional_character,Pelor,,,,0,4
Q7169376,PernMUSH,online game based on Anne McCaffrey's Pern novels | bucket: video_game,video_game,PernMUSH,,,,0,4
Q2616135,Petbe,ancient Egyptian deity | bucket: fictional_character,fictional_character,Petbe,,,,0,4
Q71824,Picker Sisters,television series | bucket: tv_series,tv_series,Picker Sisters,United States,2011-08-02,2011-09-06,0,4
Q267716,Picture of You,song by Boyzone | bucket: musical_work,musical_work,Picture of You (Boyzone song),,1997-07-21,1997-07-21,0,4
Q928951,Pilot,1st and 2nd episodes of the first season of ''Lost'' | bucket: film,film,Pilot (Lost),,2004-09-22,2004-09-22,0,4
Q629700,Plastic Little,manga | bucket: film,film,Plastic Little,Japan,,,0,4
Q49379,Pohádky z mechu a kapradí,television series | bucket: tv_series,tv_series,Pohádky z mechu a kapradí,Czechoslovakia,1968-10-06,,0,4
Q130627,Pope John Paul II,2005 miniseries directed by John Kent Harrison | bucket: tv_series,tv_series,Pope John Paul II (miniseries),United States; Poland; Italy,2005-01-01,2005-12-07,0,4
Q7238178,Prakash Javadekar,Indian politician | bucket: human,human,Prakash Javadekar,India,1951-01-30,,0,4
Q662510,Preti Mangimi,cycling team | bucket: sports_team,sports_team,Preti Mangimi,Luxembourg; Italy,2007-01-01,2008-01-01,0,4
Q139746,Priceless,TV series | bucket: tv_series,tv_series,Priceless (TV series),Japan,2012-10-22,2012-12-24,0,4
Q2723736,Prince,fictional character from Prince of Persia | bucket: fictional_character,fictional_character,Prince (Prince of Persia),Achaemenid Empire,,,0,4
Q316797,Prince Félix of Luxembourg,Luxembourgian Royal | bucket: human,human,Prince Félix of Luxembourg,Luxembourg,1984-06-03,,0,4
Q264053,Princes of the Universe,song by Queen (1986) | bucket: musical_work,musical_work,Princes of the Universe,,1986-01-01,1986-03-12,0,4
Q233990,Princess Irene of Hesse and by Rhine,"daughter of Louis IV, Grand Duke of Hesse and by Rhine, and Princess Alice of the United Kingdom (1866-1953) | bucket: human",human,Princess Irene of Hesse and by Rhine,Germany; Grand Duchy of Hesse; North German Confederation; German Reich,1866-07-11,1953-11-11,0,4
Q158173,Princess Margaret of Connaught,British princess; Crown Princess of Sweden as the first wife of King Gustaf VI Adolf (1882–1920) | bucket: human,human,Princess Margaret of Connaught,United Kingdom of Great Britain and Ireland,1882-01-15,1920-05-01,0,4
Q77311543,Prithvirajsing Roopun,Former president of Mauritius since 2019 to December 2024 | bucket: human,human,Prithvirajsing Roopun,Mauritius,1959-05-24,,0,4
Q62733979,Priya D. Manickchand,politician in Guyana | bucket: human,human,Priya Manickchand,Guyana,,,0,4
Q23061,Professional Griefers,2012 song by deadmau5 and Gerard Way | bucket: musical_work,musical_work,Professional Griefers,United States,2012-08-14,2012-08-14,0,4
Q82426,Prohibition,2011 documentary film directed by Ken Burns | bucket: tv_series,tv_series,Prohibition (miniseries),United States,2011-01-01,2011-10-04,0,4
Q3924993,Psilofyr,bucket: fictional_character,fictional_character,Psilofyr,,,,0,4
Q48758,Psych,American detective comedy-drama television series | bucket: tv_series,tv_series,Psych,United States,2006-07-07,2014-03-26,0,4
Q19974,Pts.OF.Athrty,2002 single by Linkin Park | bucket: musical_work,musical_work,Pts.OF.Athrty,United States,2002-07-15,2002-07-15,0,4
Q1248616,Puck,"character from Shakespeare's ""Midsummer Night's Dream"" play | bucket: fictional_character",fictional_character,Puck (A Midsummer Night's Dream),,,,0,4
Q132053,Puni Puni ☆ Poemy,2001 anime | bucket: film,film,Puni Puni Poemy,Japan,2001-01-01,2001-01-01,0,4
Q1344074,Qebehsenuef,Egyptian deity | bucket: fictional_character,fictional_character,Qebehsenuef,,,,0,4
Q965560,Qhubeka NextHash,cycling team | bucket: sports_team,sports_team,Team Qhubeka NextHash,South Africa,1997-01-01,2021-01-01,0,4
Q2721594,Quan Chi,Mortal Kombat character | bucket: fictional_character,fictional_character,Quan Chi,,1996-01-01,,0,4
Q3772,Quentin Tarantino,American filmmaker and actor (born 1963) | bucket: human,human,Quentin Tarantino,United States,1963-03-27,,0,4
Q1252904,Ra,ancient Egyptian solar deity | bucket: fictional_character,fictional_character,Ra,,,,0,4
Q1418931,Ra-Horakhty,Egyptian and Somali deity | bucket: fictional_character,fictional_character,Re-Hor-achti,,,,0,4
Q16199509,Rachel Bloom,"American actress, singer, and producer | bucket: human",human,Rachel Bloom,United States,1987-04-03,,0,4
Q19312,Raet-Tawy,ancient Egyptian solar goddess | bucket: fictional_character,fictional_character,Raet-Tawy,,,,0,4
Q34669,Raising Hope,television comedy program | bucket: tv_series,tv_series,Raising Hope,United States,2010-09-21,2014-04-04,0,4
Q2721772,Ratchet,titular protagonist of Ratchet & Clank | bucket: fictional_character,fictional_character,Ratchet (Ratchet & Clank),,2002-01-01,,0,4
Q2720052,Raven,fictional character from Tekken | bucket: fictional_character,fictional_character,Raven (Tekken),,,,0,4
Q7296411,Raven Queen,fictional deity from Dungeons & Dragons | bucket: fictional_character,fictional_character,Raven Queen,,,,0,4
Q61823111,Rayla,fictional character from the animated television series The Dragon Prince | bucket: fictional_character,fictional_character,Rayla,,2018-01-01,,0,4
Q107340732,Raymond Siu,former Commissioner of Police in Hong Kong Special Administrative Region | bucket: human,human,Raymond Siu,,1966-04-02,,0,4
Q7299571,Raziel,bucket: fictional_character,fictional_character,Raziel (Dungeons & Dragons),,,,0,4
Q2777895,Re: Cutie Honey,2004 original video animation directed by Hideaki Anno | bucket: film,film,Re: Cutie Honey,Japan,2004-07-24,2004-07-24,0,4
Q172622,Rebaque,1978-1979 Formula One team | bucket: sports_team,sports_team,Rebaque,Mexico,,,0,4
Q704548,Red Bull-Bora-Hansgrohe,cycling team | bucket: sports_team,sports_team,Red Bull–Bora–Hansgrohe,Germany,2010-01-01,,0,4
Q76287831,Reginald Cholmondeley,English artist (1826-1896) | bucket: human,human,Reginald Cholmondeley,,1826-04-20,1896-02-10,0,4
Q1386068,Rekhyt bird,ethnic group and god | bucket: fictional_character,fictional_character,Rekhyt,,,,0,4
Q177630,Relax-Gam,cycling team | bucket: sports_team,sports_team,Relax–GAM,Spain,1984-01-01,2007-01-01,0,4
Q7312024,Remnis,bucket: fictional_character,fictional_character,Remnis,,,,0,4
Q172722,Renault F1 Team,auto racing team | bucket: sports_team,sports_team,Renault F1 Team,France; United Kingdom,,,0,4
Q7313300,Rennbuu,bucket: fictional_character,fictional_character,Rennbuu,,,,0,4
Q110297798,Reynolds Michael Tan,Filipino politician | bucket: human,human,Reynolds Michael Tan,Philippines,,,0,4
Q171974,Rial Racing,auto racing team | bucket: sports_team,sports_team,Rial Racing,Germany,,,0,4
Q2148674,Ricardo Hausmann,Venezuelan economist | bucket: human,human,Ricardo Hausmann,Venezuela,1956-01-01,,0,4
Q550569,Richard Stockton,"American lawyer, jurist and legislator (1730–1781) | bucket: human",human,Richard Stockton (Continental Congressman),United States; Kingdom of Great Britain,1730-10-01,1781-02-28,0,4
Q7334292,Rillifane Rallathil,fictional character from Dungeons & Dragons | bucket: fictional_character,fictional_character,Rillifane Rallathil,,,,0,4
Q284158,Rip It Up,single by Jet | bucket: musical_work,musical_work,Rip It Up (Jet song),,2006-01-01,2006-01-01,0,4
Q1053156,Risou no Musuko,Japan TV series | bucket: tv_series,tv_series,Perfect Son,Japan,2012-01-14,2012-03-17,0,4
Q269327,Riwal Cycling Team,cycling team (2009–2022) | bucket: sports_team,sports_team,Riwal Cycling Team,Denmark,2009-01-01,2022-01-01,0,4
Q4456,Rizzoli & Isles,television series (2010–2016) | bucket: tv_series,tv_series,Rizzoli & Isles,United States,2010-07-12,2016-09-05,0,4
Q276524,Robert Byrd,American politician (1917–2010) | bucket: human,human,Robert Byrd,United States,1917-11-20,2010-06-28,0,4
Q207307,Robert Carlyle,Scottish actor | bucket: human,human,Robert Carlyle,United Kingdom,1961-04-14,,0,4
Q40028,Robin Hood,British television programme (2006–2009) | bucket: tv_series,tv_series,Robin Hood (2006 TV series),United Kingdom,2006-10-07,2009-06-27,0,4
Q336219,"Rodney Elton, 2nd Baron Elton",British politician (1930-2023) | bucket: human,human,"Rodney Elton, 2nd Baron Elton",United Kingdom,1930-03-02,2023-08-19,0,4
Q108300825,Ronke Giwa-Onafuwa,on-air personality | bucket: human,human,Ronke Giwa-Onafuwa,Nigeria,,,0,4
Q723,Rookie Blue,Canadian police drama television series | bucket: tv_series,tv_series,Rookie Blue,Canada,2010-06-24,2015-09-03,0,4
Q471214,Rose Red,2002 television miniseries directed by Craig R. Baxley | bucket: tv_series,tv_series,Rose Red (miniseries),United States,2002-01-01,2002-01-29,0,4
Q7376828,Rudd,fictional deity from Dungeons & Dragons | bucket: fictional_character,fictional_character,Rudd (Greyhawk),,,,0,4
Q19993,Runaway,2000 song by Linkin Park | bucket: musical_work,musical_work,Runaway (Linkin Park song),United States,2000-10-24,2000-10-24,0,4
Q849590,Ruri no Shima,Japanese TV series or program | bucket: tv_series,tv_series,Ruri no Shima,Japan,2005-04-16,2005-06-18,0,4
Q285971,Rurouni Kenshin: Reflection,original video animation | bucket: film,film,Rurouni Kenshin: Reflection,Japan,,,0,4
Q3453971,Ryokunohara Labyrinth: Sparkling Phantom,Japanese original video animation | bucket: film,film,Ryokunohara Labyrinth: Sparkling Phantom,Japan,,,0,4
Q1544983,Sadāparibhūta,bucket: fictional_character,fictional_character,Sadāparibhūta,,,,0,4
Q1411272,Safiya Hussaini,Nigerian woman accused of adultery | bucket: human,human,Safiya Hussaini,Nigeria,1967-01-01,,0,4
Q335188,Saitō Makoto,Prime Minister of Japan (1858-1936) | bucket: human,human,Saitō Makoto,Japan,1858-12-02,1936-02-26,0,4
Q220950,Saki Kumagai,Japanese association football player | bucket: human,human,Saki Kumagai,Japan,1990-10-17,,0,4
Q280485,Sal de Mi Piel,single | bucket: musical_work,musical_work,Sal de Mi Piel,,2009-08-17,2009-08-17,0,4
Q868306,Samantabhadra,"in Buddhism, a bodhisattva associated with practice and meditation | bucket: fictional_character",fictional_character,Samantabhadra (Bodhisattva),,,,0,4
Q1141832,Sand Chronicles,Japanese manga series by Hinako Ashihara | bucket: tv_series,tv_series,Sand Chronicles,Japan,2008-01-01,2008-01-01,0,4
Q233085,Sarah Hyland,American actress and singer | bucket: human,human,Sarah Hyland,United States,1990-11-24,,0,4
Q1020712,Sarvanivāraṇaviṣkambhin,bodhisattva | bucket: fictional_character,fictional_character,Sarvanivāraṇaviṣkambhin,,,,0,4
Q13979,Saturday Night Live,American late-night live television sketch comedy show | bucket: tv_series,tv_series,Saturday Night Live,United States,1975-10-11,,0,4
Q171335,Sauber Motorsport,Swiss Formula One team | bucket: sports_team,sports_team,Sauber Motorsport,Switzerland,1970-01-01,,0,4
Q277977,Scarred,Combichrist song | bucket: musical_work,musical_work,Scarred (EP),,2010-01-01,2010-01-01,0,4
Q4992871,School Shooter: North American Tour 2012,cancelled video game | bucket: video_game,video_game,School Shooter: North American Tour 2012,,2011-01-01,2011-01-01,0,4
Q766561,Science and Industry,mod for Half-Life | bucket: video_game,video_game,Science and Industry,,,,0,4
Q169898,Scuderia Ferrari,Formula One team | bucket: sports_team,sports_team,Scuderia Ferrari,Italy,1929-01-01,,0,4
Q172787,Scuderia Milano,Formula One team | bucket: sports_team,sports_team,Scuderia Milano,Italy,,,0,4
Q141818,Scuderia Toro Rosso,the predecessor of Scuderia AlphaTauri | bucket: sports_team,sports_team,Scuderia Toro Rosso,Italy,2005-01-01,,0,4
Q218091,Seal,"British musician, singer, songwriter and record producer | bucket: human",human,Seal (musician),United Kingdom,1963-02-19,,0,4
Q281666,Seducción,2006 single by Thalía | bucket: musical_work,musical_work,Seducción (song),United States,2006-02-01,2006-02-01,0,4
Q2759728,See Me After Class,original video animation and manga | bucket: film,film,See Me After Class,Japan,,,0,4
Q5654167,Sega Smash Pack,1999 video game compilation | bucket: video_game,video_game,Sega Smash Pack,,1999-02-01,2002-09-09,0,4
Q105627885,Sejiro Avoseh,Nigerian contemporary artist | bucket: human,human,Sejiro Avoseh,Nigeria,1990-01-01,,0,4
Q146104,Sekhmet,Egyptian deity | bucket: fictional_character,fictional_character,Sekhmet,,,,0,4
Q23039,Selecta,song by Afrojack and Quintino | bucket: musical_work,musical_work,Selecta (song),,2011-01-01,2011-01-01,0,4
Q52617,Selviytyjät Suomi,Finnish reality show based on Survivor | bucket: tv_series,tv_series,Selviytyjät Suomi,Finland,2013-01-01,,0,4
Q86755332,Sera,fictional character in Dragon Age franchise | bucket: fictional_character,fictional_character,Sera (Dragon Age),,,,0,4
Q131795,Seth,"God of the desert, storms, and foreigners in ancient Egyptian religion | bucket: fictional_character",fictional_character,Set (deity),,,,0,4
Q726171,Seven Whole Days,single | bucket: musical_work,musical_work,Seven Whole Days,United States,1993-10-08,1993-10-08,0,4
Q472018,Seventeen Moments of Spring,1973 Soviet twelve-part television miniseries | bucket: tv_series,tv_series,Seventeen Moments of Spring,Russian Soviet Federative Socialist Republic; Soviet Union,1973-07-08,1973-08-24,0,4
Q35791,Sex and the City,American TV series (1998–2004) | bucket: tv_series,tv_series,Sex and the City,United States,1998-06-06,2004-02-22,0,4
Q2714728,Sexfriend,hentai computer game and anime | bucket: film,film,Sexfriend,Japan,2003-03-20,2004-11-16,0,4
Q1134035,Sexy Voice and Robo,seinen manga and live action Japanese television drama | bucket: tv_series,tv_series,Sexy Voice and Robo,Japan,2007-01-01,2007-06-19,0,4
Q3141397,Shadow Skill,"manga, television series | bucket: film",film,Shadow Skill,Japan,,,0,4
Q19982,Shadow of the Day,2007 single by Linkin Park | bucket: musical_work,musical_work,Shadow of the Day,United States,2007-11-12,2007-11-12,0,4
Q1254764,Shai,deification of the concept of fate in Egyptian mythology | bucket: fictional_character,fictional_character,Shai,,,,0,4
Q267234,Shailesh Vara,British politician (born 1960) | bucket: human,human,Shailesh Vara,United Kingdom,1960-09-04,,0,4
Q286551,Shaykh al-Mahmudi,Sultan of Egypt and Syria (r. 1412–1421) | bucket: human,human,Al-Mu'ayyad Shaykh,Mamluk Sultanate,1369-01-01,1421-01-22,0,4
Q282603,She Wants to Dance with Me,single by Rick Astley | bucket: musical_work,musical_work,She Wants to Dance with Me,,1988-09-20,1988-09-20,0,4
Q584204,She and Her Cat,1999 anime directed by Makoto Shinkai | bucket: film,film,She and Her Cat,Japan,1999-01-01,1999-10-01,0,4
Q2616803,Shed,ancient Egyptian deity | bucket: fictional_character,fictional_character,Shed (deity),,,,0,4
Q24082842,Sheri Hagen,German actress | bucket: human,human,Sheri Hagen,Germany,1968-01-01,,0,4
Q192837,Sherlock,"British crime drama television series, first broadcast in 2010 | bucket: tv_series",tv_series,Sherlock (TV series),United Kingdom,2010-07-25,2017-01-15,0,4
Q19285,Shesmetet,ancient Egyptian goddess | bucket: fictional_character,fictional_character,Shesmetet,,,,0,4
Q2758333,Shibatora,manga and television series | bucket: tv_series,tv_series,Shibatora,Japan,2008-07-08,2008-09-16,0,4
Q11487041,Shikihide stable,organization of sumo wrestlers | bucket: sports_team,sports_team,Shikihide stable,Japan,,,0,4
Q7496612,Shikoroyama stable,stable of sumo wrestlers in Japan | bucket: sports_team,sports_team,Shikoroyama stable,Japan,,,0,4
Q169410,Shiritsu Bakaleya Koukou,Japanese TV series or program | bucket: tv_series,tv_series,Shiritsu Bakaleya Koukou,Japan,2012-04-14,2012-06-30,0,4
Q275271,ShowStopper,single | bucket: musical_work,musical_work,Showstopper (TobyMac song),United States,2010-01-19,2010-01-19,0,4
Q21094,Shutterbugg,song by Big Boi | bucket: musical_work,musical_work,Shutterbugg,United States,2010-06-20,2010-06-20,0,4
Q2758473,Shōkōjo Seira,Japanese drama television series | bucket: tv_series,tv_series,Shōkōjo Seira,Japan,2009-10-17,2009-12-19,0,4
Q6128329,Silent Hill HD Collection,2012 video game compilation | bucket: video_game,video_game,Silent Hill HD Collection,United States,,,0,4
Q172976,Simtek,engineering company and Formula One team | bucket: sports_team,sports_team,Simtek,United Kingdom,1989-08-01,1995-01-01,0,4
Q7521412,Simão Jatene,Brazilian politician | bucket: human,human,Simão Jatene,Brazil,1949-04-01,,0,4
Q1761610,Sitātapatrā,protector against supernatural danger in Buddhism | bucket: fictional_character,fictional_character,Sitatapatra,,,,0,4
Q2006388,Skanda,Mahayana bodhisattva regarded as a devoted guardian of Buddhist monasteries who protects the teachings of Buddhism | bucket: fictional_character,fictional_character,Skanda (Buddhism),,,,0,4
Q5666160,Slave Doll,2001 hentai anime series | bucket: film,film,Slave Doll,Japan,2001-01-01,2001-01-01,0,4
Q2120242,Slitherlink,logic puzzle | bucket: video_game,video_game,Slitherlink,Japan,,,0,4
Q1134376,Smile,Japanese television drama series | bucket: tv_series,tv_series,Smile (Japanese TV series),Japan,2009-04-17,2009-06-26,0,4
Q146313,Sobek,Egyptian crocodile deity | bucket: fictional_character,fictional_character,Sobek,,,,0,4
Q612060,Sojasun,cycling team (2009-2013) | bucket: sports_team,sports_team,Sojasun (cycling team),France,2009-01-01,2013-01-01,0,4
Q86753222,Solas,fictional character from Dragon Age | bucket: fictional_character,fictional_character,Solas (Dragon Age),,,,0,4
Q19976,Somewhere I Belong,2003 single by Linkin Park | bucket: musical_work,musical_work,Somewhere I Belong,,2003-02-24,2003-02-24,0,4
Q2571793,Sonic Gems Collection,2005 video game compilation | bucket: video_game,video_game,Sonic Gems Collection,Japan,2005-08-11,2005-09-30,0,4
Q2422173,Sonic Mega Collection,2002 compilation video game by Sega | bucket: video_game,video_game,Sonic Mega Collection,Japan,2002-11-12,2003-03-07,0,4
Q2573699,Sonic's Ultimate Genesis Collection,2009 compilation of video games | bucket: video_game,video_game,Sonic's Ultimate Genesis Collection,United States,2009-02-10,2009-02-10,0,4
Q92078,Sonja Gerhardt,German film and television actress | bucket: human,human,Sonja Gerhardt,Germany,1989-04-02,,0,4
Q930167,Sopdet,Egyptian deity | bucket: fictional_character,fictional_character,Sopdet,,,,0,4
Q1195229,Sopdu,god of the sky and of eastern border regions in ancient Egyptian religion | bucket: fictional_character,fictional_character,Sopdu,,,,0,4
Q872766,Sora Kara Furu Ichioku no Hoshi,Japanese TV series or program | bucket: tv_series,tv_series,Sora Kara Furu Ichioku no Hoshi,Japan,2002-04-15,2002-06-24,0,4
Q604320,Space Pirate Captain Herlock: The Endless Odyssey,2002 original video animation | bucket: film,film,Space Pirate Captain Herlock: The Endless Odyssey,Japan,2002-01-01,2002-01-01,0,4
Q1979315,Sportacus,Lazy Town superhero | bucket: fictional_character,fictional_character,Sportacus,,,,0,4
Q172765,Spyker F1,Dutch Formula One racing team | bucket: sports_team,sports_team,Spyker F1,Netherlands,2006-01-01,,0,4
Q626593,Stand Up!!,Japanese television series | bucket: tv_series,tv_series,Stand Up!! (Japanese TV series),Japan,2003-07-04,2003-09-12,0,4
Q16290,Star Trek: The Next Generation,American television series | bucket: tv_series,tv_series,Star Trek: The Next Generation,United States,1987-09-28,1994-05-23,0,4
Q7601019,Star Trek: The Next Generation Interactive VCR Board Game – A Klingon Challenge,board game | bucket: video_game,video_game,Star Trek: The Next Generation Interactive VCR Board Game,,,,0,4
Q1077,Star Trek: The Original Series,American science fiction television series (1966–1969) | bucket: tv_series,tv_series,Star Trek: The Original Series,United States,1966-09-08,1969-09-02,0,4
Q7601142,Star Wars MUSH,1992 video game | bucket: video_game,video_game,Star Wars MUSH,,1991-05-01,1992-01-01,0,4
Q7601107,Star Wars: The Interactive Video Board Game,board game and accompanying VHS video tape | bucket: video_game,video_game,Star Wars: The Interactive Video Board Game,,1996-01-01,1996-01-01,0,4
Q584096,Starship Girl Yamamoto Yohko,Japanese light novel series | bucket: film,film,Starship Girl Yamamoto Yohko,Japan,,,0,4
Q263600,Stay,2012 song by Tooji | bucket: musical_work,musical_work,Stay (Tooji song),,2012-02-11,2012-02-11,0,4
Q1156204,Strawberry Marshmallow,Japanese manga series | bucket: film,film,Strawberry Marshmallow,Japan,2005-01-01,2009-01-01,0,4
Q626598,Strawberry on the Shortcake,2001 Japanese television series | bucket: tv_series,tv_series,Strawberry on the Shortcake,Japan,2001-01-12,2001-03-16,0,4
Q658412,Street Fighter Collection,video game compilation | bucket: video_game,video_game,Street Fighter Collection,,1997-09-18,1997-09-18,0,4
Q113451506,Street Fighter II': Special Champion Edition,1993 video game edition | bucket: video_game,video_game,Street Fighter II': Special Champion Edition,,1993-01-01,1993-01-01,0,4
Q53641,Suburgatory,American sitcom | bucket: tv_series,tv_series,Suburgatory,United States,2011-09-28,2014-05-14,0,4
Q726887,Suddenly,2006 song by Toni Braxton | bucket: musical_work,musical_work,Suddenly (Toni Braxton song),United States,2006-02-01,2006-02-01,0,4
Q12516581,Suharso Monoarfa,Indonesian politician | bucket: human,human,Suharso Monoarfa,Indonesia,1954-10-31,,0,4
Q5533572,Suikoden I & II,2006 video game compilation developed by Konami | bucket: video_game,video_game,Suikoden I & II,,2006-02-23,2006-02-23,0,4
Q3090660,Summer Snow,Japanese TV series or program | bucket: tv_series,tv_series,Summer Snow (TV series),Japan,2000-07-07,2000-09-15,0,4
Q171326,Super Aguri F1,Formula One team | bucket: sports_team,sports_team,Super Aguri F1,Japan,2006-01-01,,0,4
Q4017,Supernova,2001 song by Oomph! | bucket: musical_work,musical_work,Supernova (Oomph! song),,2001-05-14,2001-05-14,0,4
Q727067,Superstition,single by Stevie Wonder | bucket: musical_work,musical_work,Superstition (song),United States,1972-11-01,1972-11-01,0,4
Q2368271,Supratisthitacaritra,Bodhisattva mentioned in the Lotus Sutra | bucket: fictional_character,fictional_character,Supratisthitacaritra,,,,0,4
Q298079,Surayud Chulanont,President of the Privy Council of Thailand | bucket: human,human,Surayud Chulanont,Thailand,1943-08-28,,0,4
Q2661877,Suryaprabha,bodhisattva whose specialty is sunlight and good health | bucket: fictional_character,fictional_character,Sūryaprabha,,,,0,4
Q7663078,Syracuse University Alma Mater,song | bucket: musical_work,musical_work,Syracuse University Alma Mater,,1893-01-01,1893-01-01,0,4
Q6978,TV total,German late-night television comedy talk show | bucket: tv_series,tv_series,TV total,Germany,1999-03-08,,0,4
Q924762,Ta-Bitjet,mythical creature | bucket: fictional_character,fictional_character,Ta-Bitjet,,,,0,4
Q3513520,Taboo Charming Mother,original video animation | bucket: film,film,Taboo Charming Mother,Japan,2003-01-01,2003-01-01,0,4
Q7675306,Tagonoura stable,Organization of sumo wrestlers | bucket: sports_team,sports_team,Tagonoura stable (2013),Japan,,,0,4
Q7676997,Takadagawa Stable,Organization of sumo wrestlers | bucket: sports_team,sports_team,Takadagawa stable,Japan,,,0,4
Q7677194,Takanohana stable,Stable of sumo wrestlers | bucket: sports_team,sports_team,Takanohana stable,Japan,,,0,4
Q7677288,Takasago stable,Japanese sumo wrestlers | bucket: sports_team,sports_team,Takasago stable,Japan,,,0,4
Q11546624,Takekuma stable,stable of sumo wrestlers | bucket: sports_team,sports_team,Takekuma stable,Japan,,,0,4
Q56485727,Takele Uma Benti,Ethiopian politician | bucket: human,human,Takele Uma Banti,Ethiopia,1981-01-01,,0,4
Q52621,Talent Suomi,television series | bucket: tv_series,tv_series,Talent Suomi,Finland,2007-09-30,,0,4
Q2777504,Tales of Frankenstein,1958 film | bucket: film,film,Tales of Frankenstein,,1958-01-01,1958-01-01,0,4
Q5960843,Tales of Phantasia: Narikiri Dungeon X,2010 video game | bucket: video_game,video_game,Tales of Phantasia: Narikiri Dungeon X,Japan,2010-08-05,2010-08-05,0,4
Q39370,Talking Dead,television series | bucket: tv_series,tv_series,Talking Dead,United States,2011-10-16,,0,4
Q7680700,Tamanoi stable,Organization of sumo wrestlers | bucket: sports_team,sports_team,Tamanoi stable,Japan,,,0,4
Q133361,Tanja Karpela,Finnish politician | bucket: human,human,Tanja Karpela,Finland,1970-08-22,,0,4
Q1237673,"Tariq Ahmad, Baron Ahmad of Wimbledon",British businessman and politician (born 1968) | bucket: human,human,"Tariq Ahmad, Baron Ahmad of Wimbledon",United Kingdom,1968-04-03,,0,4
Q1145531,Tatenen,god of the primordial mound in ancient Egyptian religion | bucket: fictional_character,fictional_character,Tatenen,,,,0,4
Q7688302,Tatsunami stable,organization of sumo wrestlers | bucket: sports_team,sports_team,Tatsunami stable,Japan,,,0,4
Q11598061,Tatsutagawa stable,bucket: sports_team,sports_team,Tatsutagawa stable,Japan,,,0,4
Q2389033,Tayt,Egyptian goddess | bucket: fictional_character,fictional_character,Tayt,,,,0,4
Q503553,Team 3C Casalinghi Jet Androni Giocattoli,cycling team | bucket: sports_team,sports_team,Team 3C Casalinghi Jet Androni Giocattoli,Italy,2005-01-01,2006-01-01,0,4
Q135701,Team Flanders-Baloise,cycling team | bucket: sports_team,sports_team,Team Flanders–Baloise,Belgium,1994-01-01,,0,4
Q400394,Team Novo Nordisk,cycling team (2008–) | bucket: sports_team,sports_team,Team Novo Nordisk,United States,2008-01-01,,0,4
Q247956,Team Picnic PostNL,men's cycling team (2005–) | bucket: sports_team,sports_team,Team Picnic–PostNL (men's team),Netherlands,2005-01-01,,0,4
Q688563,Team Vorarlberg,cycling team (1999-) | bucket: sports_team,sports_team,Team Vorarlberg,Austria,1999-01-01,,0,4
Q15983889,Teco Benson,Nigerian filmmaker | bucket: human,human,Teco Benson,Nigeria,,,0,4
Q116273,Tefnut,"deity of moisture, moist air, dew and rain in Ancient Egyptian religion | bucket: fictional_character",fictional_character,Tefnut,,,,0,4
Q41403,Teletubbies,British children's television series (1997–2001) | bucket: tv_series,tv_series,Teletubbies,United Kingdom,1997-03-31,2022-11-11,0,4
Q112631335,Temitope Adeshina,Nigerian athlete (born 1998) | bucket: human,human,Temitope Adeshina,Nigeria,1998-11-11,,0,4
Q456234,Tenax,cycling team (2003-2007) | bucket: sports_team,sports_team,Tenax (cycling team),Ireland; Italy,2003-01-01,2007-01-01,0,4
Q1132540,Tenshi Nanka Ja Nai,manga | bucket: film,film,I'm No Angel (manga),Japan,,,0,4
Q71910,Tetris,1984 tile-matching puzzle video game series | bucket: video_game,video_game,Tetris,Soviet Union,1984-06-06,1984-06-06,0,4
Q439206,The Alaska Kid,television series | bucket: tv_series,tv_series,The Alaska Kid,Germany,1993-12-01,,0,4
Q8539,The Big Bang Theory,American television sitcom (2007–2019) | bucket: tv_series,tv_series,The Big Bang Theory,United States,2007-09-24,2019-05-16,0,4
Q117878374,The Bridge of Drama,Turkish folk song | bucket: musical_work,musical_work,Drama Köprüsü,Turkey,,,0,4
Q19987,The Catalyst,2010 single by Linkin Park | bucket: musical_work,musical_work,The Catalyst,United States,2010-08-26,2010-08-26,0,4
Q328124,The Crown Prince,2006 television film directed by Robert Dornhelm | bucket: tv_series,tv_series,The Crown Prince (2006 film),Austria,2006-01-01,2006-01-01,0,4
Q49608,The Elder Scrolls IV: Knights of the Nine,expansion to the video game The Elder Scrolls IV: Oblivion | bucket: video_game,video_game,The Elder Scrolls IV: Knights of the Nine,United States,2006-11-21,2006-11-21,0,4
Q24605,The Future Is Wild,2002 television miniseries | bucket: tv_series,tv_series,The Future Is Wild,United Kingdom,2002-04-02,2002-06-25,0,4
Q710903,The Galaxy Railways,anime | bucket: film,film,The Galaxy Railways,Japan,,,0,4
Q276606,The Greatest View,single | bucket: musical_work,musical_work,The Greatest View,,2002-01-28,2002-01-28,0,4
Q726227,The Hardest Part,Blondie song | bucket: musical_work,musical_work,The Hardest Part (Blondie song),United States,1980-01-01,1980-01-01,0,4
Q122755874,The Hidden Treasure of Area Zero,downloadable content for Pokémon Scarlet and Violet | bucket: video_game,video_game,The Hidden Treasure of Area Zero,Japan,2023-02-27,2023-02-28,0,4
Q127560,The Incredible Journey of Mary Bryant,2005 miniseries directed by Peter Andrikidis | bucket: tv_series,tv_series,The Incredible Journey of Mary Bryant,Australia,2005-01-01,2005-01-01,0,4
Q130331621,The Indigo Disk,part 2 of The Hidden Treasure of Area Zero | bucket: video_game,video_game,The Indigo Disk,,2023-12-14,2023-12-14,0,4
Q196235,The Last Don,1997 television miniseries | bucket: tv_series,tv_series,The Last Don (miniseries),United States,1997-05-11,1997-05-14,0,4
Q851524,The Long Love Letter,Japanese television series | bucket: tv_series,tv_series,The Long Love Letter,Japan,2002-01-09,2002-03-20,0,4
Q467807,The Magical Legend of the Leprechauns,1999 film directed by John Henderson | bucket: tv_series,tv_series,The Magical Legend of the Leprechauns,United States; United Kingdom,1999-11-07,2000-07-22,0,4
Q284006,The Memory Remains,1997 single by Metallica | bucket: musical_work,musical_work,The Memory Remains,United States,1997-11-11,1997-11-11,0,4
Q2627471,The Muppets Valentine Show,1974 film directed by Jim Henson | bucket: film,film,The Muppets Valentine Show,United States,1974-01-30,1974-01-30,0,4
Q284607,The Night Out,single | bucket: musical_work,musical_work,The Night Out,,2012-01-01,2012-01-01,0,4
Q982786,The Oaks,television series | bucket: film,film,The Oaks (TV pilot),United States,2008-01-01,,0,4
Q374556,The Orange Box,2007 video game compilation by Valve Corporation | bucket: video_game,video_game,The Orange Box,United States; United Kingdom,2007-10-10,2007-12-20,0,4
Q3988606,The Outsider,cancelled video game | bucket: video_game,video_game,The Outsider (video game),,,,0,4
Q2414187,The Shadow of Yserbius,1991 video game | bucket: video_game,video_game,The Shadow of Yserbius,United States,1991-01-01,1991-01-01,0,4
Q17187310,The Sims 2: Kitchen & Bath Interior Design Stuff,bucket: video_game,video_game,The Sims 2: Kitchen & Bath Interior Design Stuff,United States,2007-11-05,2007-11-05,0,4
Q2478016,The Sims 3 Stuff packs,minor expansion packs for The Sims 3 | bucket: video_game,video_game,Stuff packs for The Sims 3,United States,,,0,4
Q18647543,The Sims 3: Fast Lane Stuff,bucket: video_game,video_game,The Sims 3: Fast Lane Stuff,,,,0,4
Q98937581,The Sims 4 Star Wars: Journey to Batuu,2020 video game developed by The Sims Studio | bucket: video_game,video_game,The Sims 4: Star Wars: Journey to Batuu,United States,2020-09-08,2020-09-08,0,4
Q24514702,The Sims 4: Dine Out,2016 game pack for The Sims 4 | bucket: video_game,video_game,The Sims 4: Dine Out,United States,2016-06-07,2016-06-07,0,4
Q50295643,The Sims 4: Jungle Adventure,2018 game pack to The Sims 4 | bucket: video_game,video_game,The Sims 4: Jungle Adventure,United States,2018-02-27,2018-02-27,0,4
Q18808215,The Sims 4: Outdoor Retreat,2015 game pack for The Sims 4 | bucket: video_game,video_game,The Sims 4: Outdoor Retreat,United States,2015-01-13,2015-01-13,0,4
Q30641763,The Sims 4: Parenthood,2017 game pack to The Sims 4 | bucket: video_game,video_game,The Sims 4: Parenthood,United States,2017-05-30,2017-05-30,0,4
Q81604750,The Sims 4: Realm of Magic,The Sims 4 magic-themed game pack released in 2019 | bucket: video_game,video_game,The Sims 4: Realm of Magic,,2019-09-10,2019-09-10,0,4
Q20772014,The Sims 4: Spa Day,2015 game pack for The Sims 4 | bucket: video_game,video_game,The Sims 4: Spa Day,United States,2015-07-14,2015-07-14,0,4
Q61811865,The Sims 4: StrangerVille,2019 game pack for The Sims 4 | bucket: video_game,video_game,The Sims 4: StrangerVille,United States,2019-02-26,2019-02-26,0,4
Q28532739,The Sims 4: Vampires,"2017 video game, game pack for The Sims 4 | bucket: video_game",video_game,The Sims 4: Vampires,United States,2017-01-24,2017-01-24,0,4
Q1143838,The Super Dimension Fortress Macross: Flash Back 2012,Japanese original video animation | bucket: film,film,The Super Dimension Fortress Macross: Flash Back 2012,Japan,1987-06-21,1987-06-21,0,4
Q130331588,The Teal Mask,part 1 of The Hidden Treasure of Area Zero | bucket: video_game,video_game,The Teal Mask,,2023-09-13,2023-09-13,0,4
Q726174,The Thing I Like,single by Aaliyah | bucket: musical_work,musical_work,The Thing I Like,United States,1995-08-03,1995-08-03,0,4
Q48777,The Waltons,American 1972–1981 television series | bucket: tv_series,tv_series,The Waltons,United States,1972-09-01,1981-06-04,0,4
Q3016725,The Wonderful Maladys,television pilot | bucket: film,film,The Wonderful Maladys,United States,2009-01-01,,0,4
Q12766,The World at War,British television documentary series about the Second World War (1973-1974) | bucket: tv_series,tv_series,The World at War,United Kingdom,1973-10-31,1974-05-08,0,4
Q2744,The X-Files,1993–2002 American science fiction-drama television series | bucket: tv_series,tv_series,The X-Files,United States,1993-09-10,2018-03-21,0,4
Q49022,The Young Ones,British sitcom | bucket: tv_series,tv_series,The Young Ones (TV series),United Kingdom,1982-11-09,1984-06-19,0,4
Q15912501,The duck is floating in Tisza,Ukrainian folk song | bucket: musical_work,musical_work,A Duckling Swims in the Tisza,Ukraine,,,0,4
Q4003185,Thor,super hero in the Ultimate Marvel Universe | bucket: fictional_character,fictional_character,Thor (Ultimate Marvel),,,,0,4
Q3991098,Tiamat,dragon deity from the Dungeons & Dragons franchise | bucket: fictional_character,fictional_character,Tiamat (Dungeons & Dragons),,,,0,4
Q280614,Timebomb,2012 single by Kylie Minogue | bucket: musical_work,musical_work,Timebomb (Kylie Minogue song),,2012-05-25,2012-05-25,0,4
Q7808560,TinyHELL,1989 video game | bucket: video_game,video_game,TinyHELL,,1989-01-01,1989-01-01,0,4
Q7808566,TinyTIM,MUSH by Jason Scott | bucket: video_game,video_game,TinyTIM,,1990-01-01,1990-01-01,0,4
Q102177082,Titilayo Laoye-Tomori,Nigerian politician | bucket: human,human,Titilayo Laoye-Tomori,Nigeria,1948-12-22,,0,4
Q172841,Token Racing,Formula One team | bucket: sports_team,sports_team,Token Racing,United Kingdom,,,0,4
Q7813610,Tokitsukaze stable,stable of sumo wrestlers | bucket: sports_team,sports_team,Tokitsukaze stable,Japan,,,0,4
Q11406815,Tokiwayama stable,a stable of sumo wrestlers in Japan | bucket: sports_team,sports_team,Minatogawa stable,Japan,,,0,4
Q26251124,Tokunbo Abiru,"Accomplished Nigerian Banker, Chartered Accountant and Politician | bucket: human",human,Tokunbo Abiru,Nigeria,1964-03-25,,0,4
Q987069,Tokyo Marble Chocolate,2007 Japanese original video animation | bucket: film,film,Tokyo Marble Chocolate,Japan,2007-01-01,2007-01-01,0,4
Q172987,Toleman,British motor racing team | bucket: sports_team,sports_team,Toleman,United Kingdom,,,0,4
Q7820348,Tomozuna stable,stable of sumo wrestlers | bucket: sports_team,sports_team,Ōshima stable (2022),Japan,,,0,4
Q171490,Tony Brise,English racing driver (1952-1975) | bucket: human,human,Tony Brise,United Kingdom,1952-03-28,1975-11-29,0,4
Q195833,TotalEnergies,cycling team | bucket: sports_team,sports_team,Team TotalEnergies,France,2000-01-01,,0,4
Q861449,Tough,Japanese manga series | bucket: film,film,Tough (manga),Japan,,,0,4
Q3179613,Transformers: Zone,original video animation | bucket: film,film,Transformers: Zone,Japan,1990-07-21,1990-07-21,0,4
Q3241,Treading Water,2011 song by Alex Clare | bucket: musical_work,musical_work,Treading Water (Alex Clare song),,2011-05-27,2011-05-27,0,4
Q839901,Tristia of the Deep-Blue Sea,2002 video game | bucket: film,film,Tristia: Legacy,,2002-07-20,2002-07-20,0,4
Q265009,Try Honesty,single | bucket: musical_work,musical_work,Try Honesty,,2003-09-01,2003-09-01,0,4
Q32463,Tsunami: The Aftermath,2006 television mini-series | bucket: tv_series,tv_series,Tsunami: The Aftermath,United States; United Kingdom,2006-11-28,2006-12-05,0,4
Q283961,Twenty Foreplay,1996 single by Janet Jackson | bucket: musical_work,musical_work,Twenty Foreplay,United States,1996-01-01,1996-01-01,0,4
Q2085,Twin Peaks,American drama television series from 1990–1991 | bucket: tv_series,tv_series,Twin Peaks,United States,1990-04-08,1991-06-10,0,4
Q1350259,Ty Zh Mene Pidmanula,Ukrainian traditional song | bucket: musical_work,musical_work,Ty zh mene pidmanula,Ukraine; Russian Empire,,,0,4
Q171992,Tyrrell Racing,motor racing team | bucket: sports_team,sports_team,Tyrrell Racing,United Kingdom,1958-01-01,,0,4
Q746709,Tārā,female Bodhisattva | bucket: fictional_character,fictional_character,Tara (Buddhism),,,,0,4
Q280790,U Don't Know Me,single by Brandy Norwood | bucket: musical_work,musical_work,U Don't Know Me (Like U Used To),United States,1999-09-28,1999-09-28,0,4
Q10238,Unborn Love,song by German recording artist C. C. Catch | bucket: musical_work,musical_work,Unborn Love,,2010-01-01,2010-01-01,0,4
Q276728,Under the Westway,single | bucket: musical_work,musical_work,Under the Westway,,2012-07-02,2012-07-02,0,4
Q726225,Union City Blue,single | bucket: musical_work,musical_work,Union City Blue,United States,1979-11-01,1979-11-01,0,4
Q16796730,Unreal Tournament,cancelled first-person shooter video game | bucket: video_game,video_game,Unreal Tournament (cancelled video game),United States,,,0,4
Q1464360,Unut,"Prehistoric Egyptian snake deity, later depicted as a hare- or lion-headed goddess | bucket: fictional_character",fictional_character,Unut,,,,0,4
Q113502405,Vaas: Insanity,Far Cry 6 DLC | bucket: video_game,video_game,Vaas: Insanity,,2021-01-01,2021-01-01,0,4
Q848792,Vacansoleil-DCM,cycling team | bucket: sports_team,sports_team,Vacansoleil–DCM,Netherlands,2005-01-01,2013-01-01,0,4
Q1366849,Vajrapani,Mahayana bodhisattva | bucket: fictional_character,fictional_character,Vajrapani,,,,0,4
Q2380086,Vajrasattva,deity in Buddhism | bucket: fictional_character,fictional_character,Vajrasattva,,,,0,4
Q255294,Vanessa Bell,British painter and interior designer (1879–1961) | bucket: human,human,Vanessa Bell,United Kingdom,1879-05-30,1961-04-07,0,4
Q4009190,Vecna,Dungeons & Dragons character | bucket: fictional_character,fictional_character,Vecna,,,,0,4
Q172483,Vel's Parnelli Jones Racing,American racecar team and constructor | bucket: sports_team,sports_team,Vel's Parnelli Jones Racing,United States,1969-01-01,,0,4
Q4010540,Vext,1999 comic book by DC Comics | bucket: fictional_character,fictional_character,Vext,United States,,,0,4
Q106241893,Vida Newsom,American suffragist and clubwoman | bucket: human,human,Vida Newsom,United States,1873-01-04,1938-07-08,0,4
Q128827,Vini Zabù,Italian cycling team | bucket: sports_team,sports_team,Vini Zabù,Italy; United Kingdom,2009-01-01,2021-01-01,0,4
Q2529275,Visistacaritra,bodhisattva in the Lotus Sutra | bucket: fictional_character,fictional_character,Viśiṣṭacāritra,,,,0,4
Q2529261,Visuddhacaritra,one of four great bodhisattvas mentioned in the 15th chapter of the Lotus Sutra | bucket: fictional_character,fictional_character,Viśuddhacāritra,,,,0,4
Q35718,WWE Main Event,WWE television program | bucket: tv_series,tv_series,WWE Main Event,United States,2012-10-03,2012-10-03,0,4
Q35730,WWE Saturday Morning Slam,WWE television program | bucket: tv_series,tv_series,WWE Saturday Morning Slam,United States,2012-08-25,2013-05-11,0,4
Q35622,WWE SmackDown,American professional wrestling television program produced by WWE | bucket: tv_series,tv_series,WWE SmackDown,United States,1999-04-22,1999-04-22,0,4
Q35752,WWE Superstars,WWE television program | bucket: tv_series,tv_series,WWE Superstars,United States,2009-04-16,2016-11-25,0,4
Q35964,WWE Vintage Collection,WWE television program | bucket: tv_series,tv_series,WWE Vintage,United States,2008-06-08,,0,4
Q146007,Wadjet,"ancient Egyptian snake-headed goddess, symbolizing Lower Egypt | bucket: fictional_character",fictional_character,Wadjet,,,,0,4
Q913202,Wagner Bazin WB,Belgian UCI ProTeam | bucket: sports_team,sports_team,Wagner Bazin WB,Belgium,2011-01-01,2025-01-01,0,4
Q19988,Waiting for the End,2010 single by Linkin Park | bucket: musical_work,musical_work,Waiting for the End,United States,2010-10-01,2010-10-01,0,4
Q172997,Walter Wolf Racing,sports team | bucket: sports_team,sports_team,Walter Wolf Racing,Canada,,,0,4
Q2742840,Warcraft II: The Dark Saga,1997 video game compilation for Sega Saturn and PlayStation | bucket: video_game,video_game,Warcraft II: The Dark Saga,,1997-01-01,1997-01-01,0,4
Q1138680,Watashitachi no Kyōkasho,Japanese television series | bucket: tv_series,tv_series,Our Textbook,Japan,2007-04-12,2007-06-28,0,4
Q851508,Water Boys,Japanese TV series | bucket: tv_series,tv_series,Water Boys (TV series),Japan,2003-07-01,2003-09-09,0,4
Q632486,Water Boys 2,Japanese drama series | bucket: tv_series,tv_series,Water Boys 2,Japan,2004-07-06,2004-09-21,0,4
Q3275975,Weather Woman,Japanese manga series | bucket: film,film,Weather Woman,Japan,1995-01-01,1995-01-01,0,4
Q4018743,Wee Jas,fictional deity from Dungeons & Dragons | bucket: fictional_character,fictional_character,Wee Jas,,,,0,4
Q282076,Welcome to My Life,2004 single by Simple Plan | bucket: musical_work,musical_work,Welcome to My Life,,2004-09-14,2004-09-14,0,4
Q946419,Weneg,deity | bucket: fictional_character,fictional_character,Weneg (deity),,,,0,4
Q19295,Wepset,ancient Egyptian goddess | bucket: fictional_character,fictional_character,Wepset,,,,0,4
Q2620491,Werethekau,Egyptian deity | bucket: fictional_character,fictional_character,Werethekau,,,,0,4
Q19980,What I've Done,2007 single by Linkin Park | bucket: musical_work,musical_work,What I've Done,United States,2007-04-02,2007-04-02,0,4
Q281938,Whatcha Think About That,single | bucket: musical_work,musical_work,Whatcha Think About That,United States,2008-09-09,2008-09-09,0,4
Q2720493,Whitebeard,fictional character from One Piece | bucket: fictional_character,fictional_character,Edward Newgate,,,,0,4
Q568957,Wiesenhof-Felt,cycling team | bucket: sports_team,sports_team,Wiesenhof–Felt,Germany,2001-01-01,2007-01-01,0,4
Q171337,Williams Racing,British Formula One team and constructor | bucket: sports_team,sports_team,Williams Racing,United Kingdom,1977-01-01,,0,4
Q52497,Wipeout,American reality game show | bucket: tv_series,tv_series,Wipeout (2008 game show),United States,2008-06-24,2014-09-07,0,4
Q276610,Without You,2002 single by Silverchair | bucket: musical_work,musical_work,Without You (Silverchair song),,2002-05-13,2002-05-13,0,4
Q283877,Working My Way Back to You,single | bucket: musical_work,musical_work,Working My Way Back to You,United States,1966-01-01,1966-01-01,0,4
Q168349,World Without End,2012 TV-Mini Series directed by Michael Caton-Jones | bucket: tv_series,tv_series,World Without End (miniseries),Canada,2012-01-01,2012-12-03,0,4
Q50923,World's Most Amazing Videos,American television series | bucket: tv_series,tv_series,World's Most Amazing Videos,United States,1999-03-03,2008-03-28,0,4
Q74189,Wosret,Egyptian deity | bucket: fictional_character,fictional_character,Wosret,,,,0,4
Q2253667,X-Men: Pryde of the X-Men,television pilot | bucket: film,film,X-Men: Pryde of the X-Men,United States,1989-01-01,,0,4
Q253127,Xacobeo-Galicia,cycling team | bucket: sports_team,sports_team,Xacobeo–Galicia,Spain,2007-01-01,2010-01-01,0,4
Q8043361,Xbox Exhibition disks,2002 video game | bucket: video_game,video_game,Xbox Exhibition disks,,2002-01-01,2002-01-01,0,4
Q38497,Xena: Warrior Princess,American–New Zealand fantasy series (1995–2001) | bucket: tv_series,tv_series,Xena: Warrior Princess,United States,1995-09-04,2001-06-18,0,4
Q563201,Yahya ibn Abd al-Aziz,Hammadid Sultan 1121-1152 | bucket: human,human,Yahya ibn Abd al-Aziz,,1110-01-01,1163-01-01,0,4
Q4022878,Yondalla,fictional character from Dungeons & Dragons | bucket: fictional_character,fictional_character,Yondalla,,,,0,4
Q726178,You Mean the World to Me,1994 single by Toni Braxton | bucket: musical_work,musical_work,You Mean the World to Me (Toni Braxton song),,1994-04-22,1994-04-22,0,4
Q284580,Young Forever,single | bucket: musical_work,musical_work,Young Forever,United States,2010-01-11,2010-01-11,0,4
Q1050476,Zaion: I Wish You Were Here,2001 original video animation | bucket: film,film,Zaion: I Wish You Were Here,Japan,2001-01-01,2001-01-01,0,4
Q144550,Zak McKracken: Between Time and Space,2008 video game | bucket: video_game,video_game,Zak McKracken: Between Time and Space,Germany,2008-04-20,2008-04-20,0,4
Q144302,Zayd ibn Thabit,Arabic scribe and Qur'anic collator (c.610-c.660) | bucket: human,human,Zayd ibn Thabit,,0611-01-01,0665-01-01,0,4
Q3013,iCarly,2007 American teen sitcom | bucket: tv_series,tv_series,ICarly,United States,2007-09-08,2012-11-23,0,4
Q212785,kakuro,logic puzzle often referred to as a mathematical transliteration of the crossword | bucket: video_game,video_game,Kakuro,,1966-01-01,1966-01-01,0,4
Q1186594,list of Case Closed OVAs,Wikimedia list article | bucket: film,film,List of Case Closed TV specials and OVAs,,,,0,4
Q2406,¿Dónde Están Corazón?,single released by Enrique Iglesias | bucket: musical_work,musical_work,¿Dónde Están Corazón?,,2007-01-01,2008-02-01,0,4
Q1050609,ÉX-Driver,original video animation | bucket: film,film,ÉX-Driver,Japan,,,0,4
Q416174,Ākāśagarbha,"bodhisattva in Chinese, Japanese and Korean Buddhism | bucket: fictional_character",fictional_character,Ākāśagarbha,,,,0,4
Q8081671,Ōnomatsu stable,organization of sumo wrestlers | bucket: sports_team,sports_team,Ōnomatsu stable,Japan,,,0,4
Q8081707,Ōshima stable,stable of sumo wrestlers | bucket: sports_team,sports_team,Ōshima stable,Japan,,,0,4
Q8081744,Ōtake stable,professional sumo stable | bucket: sports_team,sports_team,Ōtake stable,Japan,,,0,4
